"Kod";"Nazwa";"gminy łącznie z miastami na prawach powiatu;ogółem;2011;[zł]";
0000000;"POLSKA";3444,21;
0200000;"DOLNOŚLĄSKIE";3615,76;
0201000;"Powiat bolesławiecki";3031,79;
0201011;"Bolesławiec (1)";3291,10;
0201022;"Bolesławiec (2)";2389,07;
0201032;"Gromadka (2)";3226,51;
0201043;"Nowogrodziec (3)";2471,20;
0201052;"Osiecznica (2)";4044,65;
0201062;"Warta Bolesławiecka (2)";2802,00;
0202000;"Powiat dzierżoniowski";2555,24;
0202011;"Bielawa (1)";2839,54;
0202021;"Dzierżoniów (1)";2506,90;
0202031;"Pieszyce (1)";1999,57;
0202041;"Piława Górna (1)";2475,61;
0202052;"Dzierżoniów (2)";2507,10;
0202062;"Łagiewniki (2)";2454,88;
0202073;"Niemcza (3)";2527,94;
0203000;"Powiat głogowski";3259,18;
0203011;"Głogów (1)";3033,24;
0203022;"Głogów (2)";2695,41;
0203032;"Jerzmanowa (2)";5768,73;
0203042;"Kotla (2)";3578,14;
0203052;"Pęcław (2)";5014,08;
0203062;"Żukowice (2)";4121,50;
0204000;"Powiat górowski";2928,97;
0204013;"Góra (3)";2874,18;
0204022;"Jemielno (2)";3361,58;
0204032;"Niechlów (2)";2703,14;
0204043;"Wąsosz (3)";3053,88;
0205000;"Powiat jaworski";2796,34;
0205011;"Jawor (1)";2527,25;
0205023;"Bolków (3)";2955,70;
0205032;"Męcinka (2)";3606,23;
0205042;"Mściwojów (2)";3188,77;
0205052;"Paszowice (2)";2736,79;
0205062;"Wądroże Wielkie (2)";2636,08;
0206000;"Powiat jeleniogórski";3251,00;
0206011;"Karpacz (1)";5476,75;
0206021;"Kowary (1)";2237,30;
0206031;"Piechowice (1)";2435,80;
0206041;"Szklarska Poręba (1)";3953,48;
0206052;"Janowice Wielkie (2)";3383,93;
0206062;"Jeżów Sudecki (2)";2412,14;
0206072;"Mysłakowice (2)";3045,47;
0206082;"Podgórzyn (2)";2745,64;
0206092;"Stara Kamienica (2)";5576,43;
0207000;"Powiat kamiennogórski";2842,38;
0207011;"Kamienna Góra (1)";2547,33;
0207022;"Kamienna Góra (2)";2853,40;
0207033;"Lubawka (3)";2608,26;
0207042;"Marciszów (2)";4692,00;
0208000;"Powiat kłodzki";2951,64;
0208011;"Duszniki-Zdrój (1)";3995,66;
0208021;"Kłodzko (1)";2939,71;
0208031;"Kudowa-Zdrój (1)";2942,33;
0208041;"Nowa Ruda (1)";2478,16;
0208051;"Polanica-Zdrój (1)";3674,89;
0208063;"Bystrzyca Kłodzka (3)";2876,07;
0208072;"Kłodzko (2)";2725,86;
0208083;"Lądek-Zdrój (3)";2786,41;
0208092;"Lewin Kłodzki (2)";4038,32;
0208103;"Międzylesie (3)";2771,63;
0208112;"Nowa Ruda (2)";2798,10;
0208123;"Radków (3)";3392,53;
0208133;"Stronie Śląskie (3)";4013,61;
0208143;"Szczytna (3)";2556,26;
0209000;"Powiat legnicki";2730,43;
0209011;"Chojnów (1)";2476,47;
0209022;"Chojnów (2)";2380,60;
0209032;"Krotoszyce (2)";3345,72;
0209042;"Kunice (2)";2881,00;
0209052;"Legnickie Pole (2)";3273,63;
0209062;"Miłkowice (2)";2654,29;
0209073;"Prochowice (3)";2779,06;
0209082;"Ruja (2)";3256,60;
0210000;"Powiat lubański";3064,84;
0210011;"Lubań (1)";2627,07;
0210021;"Świeradów-Zdrój (1)";5332,57;
0210033;"Leśna (3)";2924,77;
0210042;"Lubań (2)";3127,42;
0210053;"Olszyna (3)";3108,41;
0210062;"Platerówka (2)";2908,65;
0210072;"Siekierczyn (2)";3201,04;
0211000;"Powiat lubiński";3348,06;
0211011;"Lubin (1)";3325,39;
0211022;"Lubin (2)";3282,42;
0211032;"Rudna (2)";4895,67;
0211043;"Ścinawa (3)";2482,44;
0212000;"Powiat lwówecki";2842,70;
0212013;"Gryfów Śląski (3)";2436,92;
0212023;"Lubomierz (3)";3499,72;
0212033;"Lwówek Śląski (3)";2509,75;
0212043;"Mirsk (3)";3395,35;
0212053;"Wleń (3)";3094,45;
0213000;"Powiat milicki";2668,32;
0213012;"Cieszków (2)";2697,97;
0213022;"Krośnice (2)";2864,73;
0213033;"Milicz (3)";2596,91;
0214000;"Powiat oleśnicki";2642,05;
0214011;"Oleśnica (1)";2616,66;
0214023;"Bierutów (3)";2739,59;
0214032;"Dobroszyce (2)";3028,63;
0214042;"Dziadowa Kłoda (2)";3202,43;
0214053;"Międzybórz (3)";3341,73;
0214062;"Oleśnica (2)";2452,30;
0214073;"Syców (3)";2190,59;
0214083;"Twardogóra (3)";2725,76;
0215000;"Powiat oławski";2579,35;
0215011;"Oława (1)";2570,46;
0215022;"Domaniów (2)";2341,16;
0215033;"Jelcz-Laskowice (3)";2581,34;
0215042;"Oława (2)";2682,02;
0216000;"Powiat polkowicki";5228,31;
0216013;"Chocianów (3)";2216,26;
0216022;"Gaworzyce (2)";3037,55;
0216032;"Grębocice (2)";5547,95;
0216043;"Polkowice (3)";7835,43;
0216053;"Przemków (3)";3077,40;
0216062;"Radwanice (2)";4067,09;
0217000;"Powiat strzeliński";2793,89;
0217012;"Borów (2)";2472,15;
0217022;"Kondratowice (2)";3813,96;
0217032;"Przeworno (2)";2435,95;
0217043;"Strzelin (3)";2837,09;
0217053;"Wiązów (3)";2513,69;
0218000;"Powiat średzki";2897,79;
0218012;"Kostomłoty (2)";2927,96;
0218022;"Malczyce (2)";2703,37;
0218032;"Miękinia (2)";2789,14;
0218043;"Środa Śląska (3)";3028,81;
0218052;"Udanin (2)";2873,96;
0219000;"Powiat świdnicki";2659,41;
0219011;"Świdnica (1)";2528,02;
0219021;"Świebodzice (1)";2663,24;
0219032;"Dobromierz (2)";3434,15;
0219043;"Jaworzyna Śląska (3)";2341,62;
0219052;"Marcinowice (2)";3155,76;
0219063;"Strzegom (3)";2782,35;
0219072;"Świdnica (2)";2886,33;
0219083;"Żarów (3)";2396,20;
0220000;"Powiat trzebnicki";2979,88;
0220013;"Oborniki Śląskie (3)";2230,27;
0220023;"Prusice (3)";4237,23;
0220033;"Trzebnica (3)";3018,77;
0220042;"Wisznia Mała (2)";3185,00;
0220052;"Zawonia (2)";2715,60;
0220063;"Żmigród (3)";3069,18;
0221000;"Powiat wałbrzyski";2763,79;
0221011;"Boguszów-Gorce (1)";2414,02;
0221021;"Jedlina-Zdrój (1)";3113,58;
0221031;"Szczawno-Zdrój (1)";3248,76;
0221042;"Czarny Bór (2)";3302,69;
0221053;"Głuszyca (3)";2563,11;
0221063;"Mieroszów (3)";3307,48;
0221072;"Stare Bogaczowice (2)";2607,29;
0221082;"Walim (2)";3356,35;
0221091;"Wałbrzych od 2003 do 2012 (1)";2710,93;
0222000;"Powiat wołowski";2645,10;
0222013;"Brzeg Dolny (3)";3064,77;
0222022;"Wińsko (2)";2520,93;
0222033;"Wołów (3)";2394,04;
0223000;"Powiat wrocławski";3251,07;
0223012;"Czernica (2)";2685,86;
0223022;"Długołęka (2)";2867,28;
0223032;"Jordanów Śląski (2)";3374,84;
0223043;"Kąty Wrocławskie (3)";3021,87;
0223052;"Kobierzyce (2)";5254,64;
0223062;"Mietków (2)";3659,46;
0223073;"Sobótka (3)";2459,27;
0223083;"Siechnice (3)";3319,11;
0223092;"Żórawina (2)";2584,98;
0224000;"Powiat ząbkowicki";2830,20;
0224013;"Bardo (3)";3589,24;
0224022;"Ciepłowody (2)";3588,13;
0224032;"Kamieniec Ząbkowicki (2)";2725,68;
0224042;"Stoszowice (2)";2966,32;
0224053;"Ząbkowice Śląskie (3)";2616,52;
0224063;"Ziębice (3)";2641,18;
0224073;"Złoty Stok (3)";3228,69;
0225000;"Powiat zgorzelecki";4033,62;
0225011;"Zawidów (1)";3205,52;
0225021;"Zgorzelec (1)";2345,07;
0225033;"Bogatynia (3)";7911,60;
0225043;"Pieńsk (3)";2398,91;
0225052;"Sulików (2)";3188,01;
0225063;"Węgliniec (3)";2644,42;
0225072;"Zgorzelec (2)";3369,33;
0226000;"Powiat złotoryjski";3045,20;
0226011;"Wojcieszów (1)";4063,64;
0226021;"Złotoryja (1)";2957,79;
0226032;"Pielgrzymka (2)";3031,90;
0226043;"Świerzawa (3)";2652,13;
0226052;"Zagrodno (2)";2914,86;
0226062;"Złotoryja (2)";3231,36;
0261000;"Powiat m.Jelenia Góra";4065,28;
0261011;"Jelenia Góra (1)";4065,28;
0262000;"Powiat m.Legnica";3597,14;
0262011;"Legnica (1)";3597,14;
0264000;"Powiat m.Wrocław";5557,99;
0264011;"Wrocław (1)";5557,99;
0400000;"KUJAWSKO-POMORSKIE";3244,36;
0401000;"Powiat aleksandrowski";2915,42;
0401011;"Aleksandrów Kujawski (1)";2393,99;
0401021;"Ciechocinek (1)";3609,49;
0401031;"Nieszawa (1)";2760,08;
0401042;"Aleksandrów Kujawski (2)";2719,34;
0401052;"Bądkowo (2)";2530,39;
0401062;"Koneck (2)";2916,01;
0401072;"Raciążek (2)";3233,89;
0401082;"Waganiec (2)";3193,82;
0401092;"Zakrzewo (2)";3183,05;
0402000;"Powiat brodnicki";2789,52;
0402011;"Brodnica (1)";2631,91;
0402022;"Bobrowo (2)";2921,14;
0402032;"Brodnica (2)";2616,32;
0402042;"Brzozie (2)";3716,73;
0402053;"Górzno (3)";2559,64;
0402062;"Bartniczka (2)";2664,06;
0402073;"Jabłonowo Pomorskie (3)";2783,27;
0402082;"Osiek (2)";2966,43;
0402092;"Świedziebnia (2)";3236,38;
0402102;"Zbiczno (2)";2783,34;
0403000;"Powiat bydgoski";2968,91;
0403012;"Białe Błota (2)";2942,87;
0403022;"Dąbrowa Chełmińska (2)";2897,46;
0403032;"Dobrcz (2)";2620,85;
0403043;"Koronowo (3)";2419,21;
0403052;"Nowa Wieś Wielka (2)";3220,63;
0403062;"Osielsko (2)";3991,97;
0403072;"Sicienko (2)";2596,28;
0403083;"Solec Kujawski (3)";3410,95;
0404000;"Powiat chełmiński";2758,39;
0404011;"Chełmno (1)";2531,94;
0404022;"Chełmno (2)";2799,17;
0404032;"Kijewo Królewskie (2)";3000,23;
0404042;"Lisewo (2)";2724,09;
0404052;"Papowo Biskupie (2)";2766,74;
0404062;"Stolno (2)";2940,08;
0404072;"Unisław (2)";3137,94;
0405000;"Powiat golubsko-dobrzyński";2804,07;
0405011;"Golub-Dobrzyń (1)";2748,30;
0405022;"Ciechocin (2)";2796,63;
0405032;"Golub-Dobrzyń (2)";2565,14;
0405043;"Kowalewo Pomorskie (3)";2738,41;
0405052;"Radomin (2)";3044,91;
0405062;"Zbójno (2)";3379,26;
0406000;"Powiat grudziądzki";3028,12;
0406012;"Grudziądz (2)";2869,85;
0406022;"Gruta (2)";2686,62;
0406033;"Łasin (3)";3307,92;
0406043;"Radzyń Chełmiński (3)";3534,45;
0406052;"Rogóźno (2)";2547,92;
0406062;"Świecie nad Osą (2)";3314,24;
0407000;"Powiat inowrocławski";2890,78;
0407011;"Inowrocław (1)";2983,64;
0407022;"Dąbrowa Biskupia (2)";3366,49;
0407033;"Gniewkowo (3)";2750,68;
0407042;"Inowrocław (2)";2971,57;
0407053;"Janikowo (3)";2889,18;
0407063;"Kruszwica (3)";2815,16;
0407073;"Pakość (3)";2418,53;
0407082;"Rojewo (2)";2988,02;
0407092;"Złotniki Kujawskie (2)";2615,09;
0408000;"Powiat lipnowski";3056,97;
0408011;"Lipno (1)";2864,68;
0408022;"Bobrowniki (2)";3479,10;
0408032;"Chrostkowo (2)";3572,73;
0408043;"Dobrzyń nad Wisłą (3)";3083,40;
0408052;"Kikół (2)";2711,75;
0408062;"Lipno (2)";2909,29;
0408073;"Skępe (3)";3235,45;
0408082;"Tłuchowo (2)";3108,49;
0408092;"Wielgie (2)";3410,81;
0409000;"Powiat mogileński";2875,06;
0409012;"Dąbrowa (2)";2859,85;
0409022;"Jeziora Wielkie (2)";2818,79;
0409033;"Mogilno (3)";2940,88;
0409043;"Strzelno (3)";2767,80;
0410000;"Powiat nakielski";2735,41;
0410013;"Kcynia (3)";3218,57;
0410023;"Mrocza (3)";3139,09;
0410033;"Nakło nad Notecią (3)";2704,71;
0410042;"Sadki (2)";2453,02;
0410053;"Szubin (3)";2429,50;
0411000;"Powiat radziejowski";2883,59;
0411011;"Radziejów (1)";3088,84;
0411022;"Bytoń (2)";3274,55;
0411032;"Dobre (2)";2857,86;
0411042;"Osięciny (2)";2696,24;
0411053;"Piotrków Kujawski (3)";2965,21;
0411062;"Radziejów (2)";2263,87;
0411072;"Topólka (2)";3082,36;
0412000;"Powiat rypiński";3113,19;
0412011;"Rypin (1)";3494,58;
0412022;"Brzuze (2)";2450,23;
0412032;"Rogowo (2)";3083,77;
0412042;"Rypin (2)";2581,85;
0412052;"Skrwilno (2)";3015,35;
0412062;"Wąpielsk (2)";3549,35;
0413000;"Powiat sępoleński";2763,14;
0413013;"Kamień Krajeński (3)";2927,95;
0413023;"Sępólno Krajeńskie (3)";2817,95;
0413032;"Sośno (2)";2757,02;
0413043;"Więcbork (3)";2612,70;
0414000;"Powiat świecki";2936,41;
0414012;"Bukowiec (2)";3336,17;
0414022;"Dragacz (2)";2502,89;
0414032;"Drzycim (2)";3159,25;
0414042;"Jeżewo (2)";2560,61;
0414052;"Lniano (2)";3126,39;
0414063;"Nowe (3)";2465,76;
0414072;"Osie (2)";3278,69;
0414082;"Pruszcz (2)";2432,40;
0414093;"Świecie (3)";3189,02;
0414102;"Świekatowo (2)";3513,09;
0414112;"Warlubie (2)";2853,79;
0415000;"Powiat toruński";2966,40;
0415011;"Chełmża (1)";2608,28;
0415022;"Chełmża (2)";2859,30;
0415032;"Czernikowo (2)";3395,83;
0415042;"Lubicz (2)";2495,08;
0415052;"Łubianka (2)";4232,56;
0415062;"Łysomice (2)";3361,07;
0415072;"Obrowo (2)";2410,86;
0415082;"Wielka Nieszawka (2)";5229,61;
0415092;"Zławieś Wielka (2)";2678,94;
0416000;"Powiat tucholski";3144,16;
0416012;"Cekcyn (2)";3438,54;
0416022;"Gostycyn (2)";3212,62;
0416032;"Kęsowo (2)";4193,62;
0416042;"Lubiewo (2)";3483,39;
0416052;"Śliwice (2)";3163,59;
0416063;"Tuchola (3)";2699,22;
0417000;"Powiat wąbrzeski";2942,53;
0417011;"Wąbrzeźno (1)";2726,33;
0417022;"Dębowa Łąka (2)";3803,49;
0417032;"Książki (2)";2968,52;
0417042;"Płużnica (2)";3276,21;
0417052;"Ryńsk (2)";2771,06;
0418000;"Powiat włocławski";2939,69;
0418011;"Kowal (1)";4205,97;
0418022;"Baruchowo (2)";2988,91;
0418032;"Boniewo (2)";3320,54;
0418043;"Brześć Kujawski (3)";3046,26;
0418052;"Choceń (2)";2991,95;
0418063;"Chodecz (3)";3090,70;
0418072;"Fabianki (2)";2428,25;
0418083;"Izbica Kujawska (3)";2513,01;
0418092;"Kowal (2)";2694,64;
0418102;"Lubanie (2)";2928,80;
0418113;"Lubień Kujawski (3)";2873,16;
0418123;"Lubraniec (3)";2848,08;
0418132;"Włocławek (2)";3235,37;
0419000;"Powiat żniński";2822,09;
0419013;"Barcin (3)";3331,23;
0419022;"Gąsawa (2)";2732,03;
0419033;"Janowiec Wielkopolski (3)";2406,34;
0419043;"Łabiszyn (3)";2779,77;
0419052;"Rogowo (2)";3025,69;
0419063;"Żnin (3)";2647,61;
0461000;"Powiat m.Bydgoszcz";3613,64;
0461011;"Bydgoszcz (1)";3613,64;
0462000;"Powiat m.Grudziądz";3985,65;
0462011;"Grudziądz (1)";3985,65;
0463000;"Powiat m.Toruń";4018,70;
0463011;"Toruń (1)";4018,70;
0464000;"Powiat m.Włocławek";3889,56;
0464011;"Włocławek (1)";3889,56;
0600000;"LUBELSKIE";3105,41;
0601000;"Powiat bialski";3169,82;
0601011;"Międzyrzec Podlaski (1)";2982,34;
0601021;"Terespol (1)";2561,08;
0601032;"Biała Podlaska (2)";2416,23;
0601042;"Drelów (2)";3189,22;
0601052;"Janów Podlaski (2)";2787,27;
0601062;"Kodeń (2)";3508,45;
0601072;"Konstantynów (2)";4566,19;
0601082;"Leśna Podlaska (2)";2619,13;
0601092;"Łomazy (2)";3269,92;
0601102;"Międzyrzec Podlaski (2)";2838,67;
0601112;"Piszczac (2)";3532,21;
0601122;"Rokitno (2)";2566,80;
0601132;"Rossosz (2)";2906,07;
0601142;"Sławatycze (2)";3363,48;
0601152;"Sosnówka (2)";6298,60;
0601162;"Terespol (2)";3319,66;
0601172;"Tuczna (2)";3088,73;
0601182;"Wisznice (2)";3891,14;
0601192;"Zalesie (2)";4005,90;
0602000;"Powiat biłgorajski";2865,71;
0602011;"Biłgoraj (1)";2359,57;
0602022;"Aleksandrów (2)";2972,03;
0602032;"Biłgoraj (2)";3061,70;
0602042;"Biszcza (2)";3004,89;
0602053;"Frampol (3)";3309,86;
0602062;"Goraj (2)";3165,95;
0602073;"Józefów (3)";2837,95;
0602082;"Księżpol (2)";2816,67;
0602092;"Łukowa (2)";2902,83;
0602102;"Obsza (2)";3220,81;
0602112;"Potok Górny (2)";3901,82;
0602123;"Tarnogród (3)";2844,36;
0602132;"Tereszpol (2)";2544,69;
0602142;"Turobin (2)";2974,62;
0603000;"Powiat chełmski";2941,37;
0603011;"Rejowiec Fabryczny (1)";3185,38;
0603022;"Białopole (2)";2441,01;
0603032;"Chełm (2)";2750,65;
0603042;"Dorohusk (2)";3316,17;
0603052;"Dubienka (2)";2617,09;
0603062;"Kamień (2)";3092,44;
0603072;"Leśniowice (2)";2977,08;
0603082;"Rejowiec Fabryczny (2)";3148,96;
0603092;"Ruda-Huta (2)";3089,25;
0603102;"Sawin (2)";3050,64;
0603112;"Siedliszcze (2)";2919,41;
0603122;"Wierzbica (2)";3228,79;
0603132;"Wojsławice (2)";2475,78;
0603142;"Żmudź (2)";2996,25;
0603152;"Rejowiec (2)";2734,19;
0604000;"Powiat hrubieszowski";2629,13;
0604011;"Hrubieszów (1)";2597,27;
0604022;"Dołhobyczów (2)";2903,16;
0604032;"Horodło (2)";2645,72;
0604042;"Hrubieszów (2)";2492,88;
0604052;"Mircze (2)";3016,09;
0604062;"Trzeszczany (2)";2312,96;
0604072;"Uchanie (2)";2285,88;
0604082;"Werbkowice (2)";2678,10;
0605000;"Powiat janowski";2651,52;
0605012;"Batorz (2)";2830,43;
0605022;"Chrzanów (2)";2593,13;
0605032;"Dzwola (2)";2452,82;
0605042;"Godziszów (2)";2665,44;
0605053;"Janów Lubelski (3)";2650,17;
0605062;"Modliborzyce (2)";2727,86;
0605072;"Potok Wielki (2)";2700,59;
0606000;"Powiat krasnostawski";2732,06;
0606011;"Krasnystaw (1)";2516,47;
0606022;"Fajsławice (2)";2911,46;
0606032;"Gorzków (2)";2190,73;
0606042;"Izbica (2)";3056,40;
0606052;"Krasnystaw (2)";3079,62;
0606062;"Kraśniczyn (2)";3207,86;
0606072;"Łopiennik Górny (2)";2661,71;
0606092;"Rudnik (2)";2684,77;
0606102;"Siennica Różana (2)";2733,49;
0606112;"Żółkiewka (2)";2388,40;
0607000;"Powiat kraśnicki";2459,38;
0607011;"Kraśnik (1)";2249,53;
0607023;"Annopol (3)";2741,09;
0607032;"Dzierzkowice (2)";2477,01;
0607042;"Gościeradów (2)";2397,69;
0607052;"Kraśnik (2)";2997,37;
0607062;"Szastarka (2)";2660,37;
0607072;"Trzydnik Duży (2)";2212,10;
0607082;"Urzędów (2)";2695,30;
0607092;"Wilkołaz (2)";2276,75;
0607102;"Zakrzówek (2)";2583,11;
0608000;"Powiat lubartowski";2867,88;
0608011;"Lubartów (1)";2842,73;
0608022;"Abramów (2)";2685,29;
0608032;"Firlej (2)";3144,84;
0608042;"Jeziorzany (2)";2828,66;
0608052;"Kamionka (2)";2596,69;
0608063;"Kock (3)";3494,37;
0608072;"Lubartów (2)";3005,58;
0608082;"Michów (2)";2695,51;
0608092;"Niedźwiada (2)";2869,89;
0608103;"Ostrów Lubelski (3)";2471,78;
0608112;"Ostrówek (2)";3138,03;
0608122;"Serniki (2)";2581,04;
0608132;"Uścimów (2)";2663,94;
0609000;"Powiat lubelski";2506,91;
0609013;"Bełżyce (3)";2430,74;
0609022;"Borzechów (2)";2542,12;
0609033;"Bychawa (3)";2241,44;
0609042;"Garbów (2)";2641,31;
0609052;"Głusk (2)";2897,53;
0609062;"Jabłonna (2)";2462,21;
0609072;"Jastków (2)";2401,43;
0609082;"Konopnica (2)";2216,63;
0609092;"Krzczonów (2)";2463,23;
0609102;"Niedrzwica Duża (2)";2534,69;
0609112;"Niemce (2)";2257,27;
0609122;"Strzyżewice (2)";2513,37;
0609132;"Wojciechów (2)";2491,33;
0609142;"Wólka (2)";2917,11;
0609152;"Wysokie (2)";3185,42;
0609162;"Zakrzew (2)";3021,97;
0610000;"Powiat łęczyński";2974,17;
0610012;"Cyców (2)";2969,83;
0610022;"Ludwin (2)";3180,03;
0610033;"Łęczna (3)";2242,28;
0610042;"Milejów (2)";2782,61;
0610052;"Puchaczów (2)";7172,48;
0610062;"Spiczyn (2)";2375,23;
0611000;"Powiat łukowski";2735,80;
0611011;"Łuków (1)";2326,59;
0611021;"Stoczek Łukowski (1)";2946,21;
0611032;"Adamów (2)";3012,36;
0611042;"Krzywda (2)";2971,08;
0611052;"Łuków (2)";2587,59;
0611062;"Serokomla (2)";2874,98;
0611072;"Stanin (2)";2784,77;
0611082;"Stoczek Łukowski (2)";3600,40;
0611092;"Trzebieszów (2)";2883,61;
0611102;"Wojcieszków (2)";2913,80;
0611112;"Wola Mysłowska (2)";2714,09;
0612000;"Powiat opolski";2701,80;
0612012;"Chodel (2)";2672,54;
0612022;"Józefów nad Wisłą (2)";2464,65;
0612032;"Karczmiska (2)";2859,18;
0612042;"Łaziska (2)";2740,41;
0612053;"Opole Lubelskie (3)";2255,82;
0612063;"Poniatowa (3)";2414,69;
0612072;"Wilków (2)";5437,34;
0613000;"Powiat parczewski";3173,62;
0613012;"Dębowa Kłoda (2)";3882,77;
0613022;"Jabłoń (2)";3270,92;
0613032;"Milanów (2)";3446,49;
0613043;"Parczew (3)";2835,54;
0613052;"Podedwórze (2)";3635,89;
0613062;"Siemień (2)";3152,76;
0613072;"Sosnowica (2)";3159,06;
0614000;"Powiat puławski";3691,20;
0614011;"Puławy (1)";4803,79;
0614022;"Baranów (2)";2760,65;
0614032;"Janowiec (2)";3874,88;
0614043;"Kazimierz Dolny (3)";4226,27;
0614052;"Końskowola (2)";2646,05;
0614062;"Kurów (2)";2525,33;
0614072;"Markuszów (2)";3379,43;
0614083;"Nałęczów (3)";3053,00;
0614092;"Puławy (2)";2235,71;
0614102;"Wąwolnica (2)";2397,83;
0614112;"Żyrzyn (2)";2572,06;
0615000;"Powiat radzyński";2605,61;
0615011;"Radzyń Podlaski (1)";2279,10;
0615022;"Borki (2)";2716,97;
0615032;"Czemierniki (2)";2812,65;
0615042;"Kąkolewnica (2)";2723,68;
0615052;"Komarówka Podlaska (2)";2986,02;
0615062;"Radzyń Podlaski (2)";2597,15;
0615072;"Ulan-Majorat (2)";2897,77;
0615082;"Wohyń (2)";2490,86;
0616000;"Powiat rycki";2622,09;
0616011;"Dęblin (1)";2401,72;
0616022;"Kłoczew (2)";3024,53;
0616032;"Nowodwór (2)";2940,72;
0616043;"Ryki (3)";2260,64;
0616052;"Stężyca (2)";3404,60;
0616062;"Ułęż (2)";3460,46;
0617000;"Powiat świdnicki";2586,90;
0617011;"Świdnik (1)";2541,17;
0617022;"Mełgiew (2)";2527,98;
0617033;"Piaski (3)";2566,13;
0617042;"Rybczewice (2)";3118,89;
0617052;"Trawniki (2)";2657,27;
0618000;"Powiat tomaszowski";2629,95;
0618011;"Tomaszów Lubelski (1)";2374,81;
0618022;"Bełżec (2)";2926,67;
0618032;"Jarczów (2)";2528,62;
0618042;"Krynice (2)";2532,50;
0618052;"Lubycza Królewska (2)";3414,11;
0618063;"Łaszczów (3)";2977,24;
0618072;"Rachanie (2)";2472,31;
0618082;"Susiec (2)";2537,35;
0618092;"Tarnawatka (2)";3293,99;
0618102;"Telatyn (2)";2395,12;
0618112;"Tomaszów Lubelski (2)";2234,69;
0618123;"Tyszowce (3)";2708,53;
0618132;"Ulhówek (2)";2884,55;
0619000;"Powiat włodawski";3183,32;
0619011;"Włodawa (1)";2947,86;
0619022;"Hanna (2)";2902,08;
0619032;"Hańsk (2)";3407,36;
0619042;"Stary Brus (2)";3478,35;
0619052;"Urszulin (2)";3606,48;
0619062;"Włodawa (2)";3470,70;
0619072;"Wola Uhruska (2)";3013,89;
0619082;"Wyryki (2)";3120,88;
0620000;"Powiat zamojski";2604,04;
0620012;"Adamów (2)";2519,74;
0620022;"Grabowiec (2)";2433,12;
0620032;"Komarów-Osada (2)";3208,38;
0620043;"Krasnobród (3)";3123,62;
0620052;"Łabunie (2)";3130,53;
0620062;"Miączyn (2)";2512,98;
0620072;"Nielisz (2)";2399,21;
0620082;"Radecznica (2)";2315,12;
0620092;"Sitno (2)";2454,37;
0620102;"Skierbieszów (2)";3259,59;
0620112;"Stary Zamość (2)";2687,28;
0620122;"Sułów (2)";2428,23;
0620133;"Szczebrzeszyn (3)";2296,94;
0620142;"Zamość (2)";2352,33;
0620153;"Zwierzyniec (3)";2775,35;
0661000;"Powiat m.Biała Podlaska";3653,84;
0661011;"Biała Podlaska (1)";3653,84;
0662000;"Powiat m.Chełm";3621,31;
0662011;"Chełm (1)";3621,31;
0663000;"Powiat m.Lublin";3987,99;
0663011;"Lublin (1)";3987,99;
0664000;"Powiat m.Zamość";4678,42;
0664011;"Zamość (1)";4678,42;
0800000;"LUBUSKIE";3070,46;
0801000;"Powiat gorzowski";3173,75;
0801011;"Kostrzyn nad Odrą (1)";3528,37;
0801022;"Bogdaniec (2)";2536,84;
0801032;"Deszczno (2)";2657,43;
0801042;"Kłodawa (2)";2924,30;
0801052;"Lubiszyn (2)";3328,28;
0801062;"Santok (2)";2864,22;
0801073;"Witnica (3)";3609,47;
0802000;"Powiat krośnieński";2792,46;
0802011;"Gubin (1)";3023,19;
0802022;"Bobrowice (2)";3396,14;
0802032;"Bytnica (2)";2686,40;
0802042;"Dąbie (2)";3307,58;
0802052;"Gubin (2)";2560,91;
0802063;"Krosno Odrzańskie (3)";2455,04;
0802072;"Maszewo (2)";2718,58;
0803000;"Powiat międzyrzecki";2944,53;
0803012;"Bledzew (2)";2850,27;
0803023;"Międzyrzecz (3)";2817,85;
0803032;"Przytoczna (2)";3168,74;
0803042;"Pszczew (2)";3828,20;
0803053;"Skwierzyna (3)";2999,84;
0803063;"Trzciel (3)";2621,80;
0804000;"Powiat nowosolski";2769,85;
0804011;"Nowa Sól (1)";2657,70;
0804023;"Bytom Odrzański (3)";2816,69;
0804032;"Kolsko (2)";3088,06;
0804043;"Kożuchów (3)";2692,86;
0804052;"Nowa Sól (2)";2500,07;
0804063;"Nowe Miasteczko (3)";3519,10;
0804072;"Otyń (2)";2751,49;
0804082;"Siedlisko (2)";3384,02;
0805000;"Powiat słubicki";3050,53;
0805013;"Cybinka (3)";2781,43;
0805022;"Górzyca (2)";4171,85;
0805033;"Ośno Lubuskie (3)";3289,58;
0805043;"Rzepin (3)";2738,62;
0805053;"Słubice (3)";2979,68;
0806000;"Powiat strzelecko-drezdenecki";2848,25;
0806013;"Dobiegniew (3)";3376,36;
0806023;"Drezdenko (3)";2497,97;
0806032;"Stare Kurowo (2)";3183,94;
0806043;"Strzelce Krajeńskie (3)";2523,09;
0806052;"Zwierzyn (2)";4381,74;
0807000;"Powiat sulęciński";2811,83;
0807012;"Krzeszyce (2)";2695,02;
0807023;"Lubniewice (3)";3035,76;
0807032;"Słońsk (2)";3353,72;
0807043;"Sulęcin (3)";2571,07;
0807053;"Torzym (3)";2978,98;
0808000;"Powiat świebodziński";3105,39;
0808012;"Lubrza (2)";6514,79;
0808022;"Łagów (2)";3874,87;
0808032;"Skąpe (2)";3188,18;
0808042;"Szczaniec (2)";2762,26;
0808053;"Świebodzin (3)";2556,17;
0808063;"Zbąszynek (3)";3302,57;
0809000;"Powiat zielonogórski";2803,96;
0809013;"Babimost (3)";3964,13;
0809022;"Bojadła (2)";2587,22;
0809033;"Czerwieńsk (3)";3257,49;
0809043;"Kargowa (3)";2840,37;
0809053;"Nowogród Bobrzański (3)";2484,25;
0809063;"Sulechów (3)";2409,17;
0809072;"Świdnica (2)";3161,76;
0809082;"Trzebiechów (2)";2858,71;
0809092;"Zabór (2)";2841,17;
0809102;"Zielona Góra (2)";2790,40;
0810000;"Powiat żagański";2751,39;
0810011;"Gozdnica (1)";3062,57;
0810021;"Żagań (1)";2472,22;
0810032;"Brzeźnica (2)";2940,96;
0810043;"Iłowa (3)";2879,68;
0810053;"Małomice (3)";3045,04;
0810062;"Niegosławice (2)";3261,79;
0810073;"Szprotawa (3)";2792,93;
0810082;"Wymiarki (2)";3483,19;
0810092;"Żagań (2)";2484,74;
0811000;"Powiat żarski";2772,05;
0811011;"Łęknica (1)";3967,84;
0811021;"Żary (1)";2862,90;
0811032;"Brody (2)";2963,66;
0811043;"Jasień (3)";2882,95;
0811052;"Lipinki Łużyckie (2)";2745,37;
0811063;"Lubsko (3)";2701,54;
0811072;"Przewóz (2)";2967,93;
0811082;"Trzebiel (2)";2570,36;
0811092;"Tuplice (2)";2592,19;
0811102;"Żary (2)";2301,99;
0812000;"Powiat wschowski";2836,15;
0812013;"Sława (3)";3145,15;
0812023;"Szlichtyngowa (3)";3081,77;
0812033;"Wschowa (3)";2600,56;
0861000;"Powiat m.Gorzów Wielkopolski";3442,65;
0861011;"Gorzów Wielkopolski (1)";3442,65;
0862000;"Powiat m.Zielona Góra";3961,00;
0862011;"Zielona Góra (1)";3961,00;
1000000;"ŁÓDZKIE";3190,67;
1001000;"Powiat bełchatowski";4697,57;
1001011;"Bełchatów (1)";2675,76;
1001022;"Bełchatów (2)";2607,18;
1001032;"Drużbice (2)";2870,25;
1001042;"Kleszczów (2)";44563,21;
1001052;"Kluki (2)";2740,27;
1001062;"Rusiec (2)";2998,41;
1001072;"Szczerców (2)";5283,64;
1001083;"Zelów (3)";3060,13;
1002000;"Powiat kutnowski";2789,68;
1002011;"Kutno (1)";2928,82;
1002022;"Bedlno (2)";2469,32;
1002032;"Dąbrowice (2)";2810,92;
1002043;"Krośniewice (3)";3417,83;
1002052;"Krzyżanów (2)";2643,77;
1002062;"Kutno (2)";2513,74;
1002072;"Łanięta (2)";3120,39;
1002082;"Nowe Ostrowy (2)";3444,23;
1002092;"Oporów (2)";2356,95;
1002102;"Strzelce (2)";2533,66;
1002113;"Żychlin (3)";2141,90;
1003000;"Powiat łaski";2564,10;
1003012;"Buczek (2)";3145,81;
1003023;"Łask (3)";2385,67;
1003032;"Sędziejowice (2)";2688,85;
1003042;"Widawa (2)";2680,71;
1003052;"Wodzierady (2)";2721,12;
1004000;"Powiat łęczycki";2601,23;
1004011;"Łęczyca (1)";2770,18;
1004022;"Daszyna (2)";2891,14;
1004032;"Góra Świętej Małgorzaty (2)";2230,99;
1004042;"Grabów (2)";2698,51;
1004052;"Łęczyca (2)";2403,12;
1004062;"Piątek (2)";2512,98;
1004072;"Świnice Warckie (2)";2641,73;
1004082;"Witonia (2)";2430,09;
1005000;"Powiat łowicki";2635,73;
1005011;"Łowicz (1)";2920,11;
1005022;"Bielawy (2)";2509,93;
1005032;"Chąśno (2)";2847,73;
1005042;"Domaniewice (2)";2354,54;
1005052;"Kiernozia (2)";3006,66;
1005062;"Kocierzew Południowy (2)";2438,22;
1005072;"Łowicz (2)";2395,49;
1005082;"Łyszkowice (2)";2532,33;
1005092;"Nieborów (2)";2306,25;
1005102;"Zduny (2)";2312,65;
1006000;"Powiat łódzki wschodni";2726,74;
1006022;"Andrespol (2)";2482,09;
1006032;"Brójce (2)";2492,24;
1006073;"Koluszki (3)";2197,09;
1006082;"Nowosolna (2)";4335,68;
1006103;"Rzgów (3)";3468,63;
1006113;"Tuszyn (3)";2976,78;
1007000;"Powiat opoczyński";3108,99;
1007012;"Białaczów (2)";3413,41;
1007023;"Drzewica (3)";2442,15;
1007032;"Mniszków (2)";3219,54;
1007043;"Opoczno (3)";2736,93;
1007052;"Paradyż (2)";3625,69;
1007062;"Poświętne (2)";2517,61;
1007072;"Sławno (2)";5623,90;
1007082;"Żarnów (2)";2920,40;
1008000;"Powiat pabianicki";2787,70;
1008011;"Konstantynów Łódzki (1)";2722,47;
1008021;"Pabianice (1)";2784,30;
1008032;"Dłutów (2)";3049,35;
1008042;"Dobroń (2)";2437,81;
1008052;"Ksawerów (2)";2889,17;
1008062;"Lutomiersk (2)";2325,35;
1008072;"Pabianice (2)";3664,69;
1009000;"Powiat pajęczański";3268,25;
1009013;"Działoszyn (3)";3126,56;
1009022;"Kiełczygłów (2)";2535,82;
1009032;"Nowa Brzeźnica (2)";2529,75;
1009043;"Pajęczno (3)";2391,35;
1009052;"Rząśnia (2)";8657,73;
1009062;"Siemkowice (2)";2676,77;
1009072;"Strzelce Wielkie (2)";2352,23;
1009082;"Sulmierzyce (2)";3246,89;
1010000;"Powiat piotrkowski";2890,00;
1010012;"Aleksandrów (2)";2960,35;
1010022;"Czarnocin (2)";2793,28;
1010032;"Gorzkowice (2)";2571,50;
1010042;"Grabica (2)";2926,13;
1010052;"Łęki Szlacheckie (2)";2639,40;
1010062;"Moszczenica (2)";2647,64;
1010072;"Ręczno (2)";2654,03;
1010082;"Rozprza (2)";2311,03;
1010093;"Sulejów (3)";2847,73;
1010102;"Wola Krzysztoporska (2)";3361,05;
1010113;"Wolbórz (3)";4151,25;
1011000;"Powiat poddębicki";3749,66;
1011012;"Dalików (2)";3005,09;
1011022;"Pęczniew (2)";3042,67;
1011033;"Poddębice (3)";2492,33;
1011043;"Uniejów (3)";7639,06;
1011052;"Wartkowice (2)";3879,32;
1011062;"Zadzim (2)";3040,57;
1012000;"Powiat radomszczański";2832,38;
1012011;"Radomsko (1)";2777,24;
1012022;"Dobryszyce (2)";2822,47;
1012032;"Gidle (2)";2594,76;
1012042;"Gomunice (2)";2253,29;
1012053;"Kamieńsk (3)";4700,04;
1012062;"Kobiele Wielkie (2)";2454,86;
1012072;"Kodrąb (2)";2521,51;
1012082;"Lgota Wielka (2)";3018,61;
1012092;"Ładzice (2)";2462,37;
1012102;"Masłowice (2)";2404,31;
1012113;"Przedbórz (3)";3037,08;
1012122;"Radomsko (2)";2732,15;
1012132;"Wielgomłyny (2)";2838,57;
1012142;"Żytno (2)";3073,35;
1013000;"Powiat rawski";2745,76;
1013011;"Rawa Mazowiecka (1)";3096,31;
1013023;"Biała Rawska (3)";2591,88;
1013032;"Cielądz (2)";2675,85;
1013042;"Rawa Mazowiecka (2)";2259,91;
1013052;"Regnów (2)";3075,01;
1013062;"Sadkowice (2)";2641,86;
1014000;"Powiat sieradzki";2642,44;
1014011;"Sieradz (1)";2474,11;
1014023;"Błaszki (3)";2595,61;
1014032;"Brąszewice (2)";3381,03;
1014042;"Brzeźnio (2)";2667,12;
1014052;"Burzenin (2)";2585,31;
1014062;"Goszczanów (2)";2949,31;
1014072;"Klonowa (2)";3298,18;
1014082;"Sieradz (2)";2407,25;
1014093;"Warta (3)";2584,10;
1014102;"Wróblew (2)";3253,15;
1014113;"Złoczew (3)";2730,77;
1015000;"Powiat skierniewicki";2982,60;
1015012;"Bolimów (2)";3446,34;
1015022;"Głuchów (2)";2725,64;
1015032;"Godzianów (2)";2645,70;
1015042;"Kowiesy (2)";3242,51;
1015052;"Lipce Reymontowskie (2)";2842,32;
1015062;"Maków (2)";3213,61;
1015072;"Nowy Kawęczyn (2)";3724,71;
1015082;"Skierniewice (2)";2758,85;
1015092;"Słupia (2)";2222,69;
1016000;"Powiat tomaszowski";2582,47;
1016011;"Tomaszów Mazowiecki (1)";2370,47;
1016022;"Będków (2)";2809,93;
1016032;"Budziszewice (2)";3116,53;
1016042;"Czerniewice (2)";2458,50;
1016052;"Inowłódz (2)";3487,28;
1016062;"Lubochnia (2)";2985,87;
1016072;"Rokiciny (2)";2858,06;
1016082;"Rzeczyca (2)";2957,14;
1016092;"Tomaszów Mazowiecki (2)";2272,28;
1016102;"Ujazd (2)";3054,19;
1016112;"Żelechlinek (2)";3189,43;
1017000;"Powiat wieluński";2643,24;
1017012;"Biała (2)";2575,23;
1017022;"Czarnożyły (2)";2416,64;
1017032;"Konopnica (2)";3132,99;
1017042;"Mokrsko (2)";3482,15;
1017052;"Osjaków (2)";2929,59;
1017062;"Ostrówek (2)";2927,40;
1017072;"Pątnów (2)";2630,55;
1017082;"Skomlin (2)";2845,26;
1017093;"Wieluń (3)";2179,08;
1017102;"Wierzchlas (2)";3691,54;
1018000;"Powiat wieruszowski";2681,11;
1018012;"Bolesławiec (2)";2952,06;
1018022;"Czastary (2)";2954,48;
1018032;"Galewice (2)";2764,34;
1018042;"Lututów (2)";2721,19;
1018052;"Łubnice (2)";2967,14;
1018062;"Sokolniki (2)";2562,90;
1018073;"Wieruszów (3)";2436,87;
1019000;"Powiat zduńskowolski";2423,67;
1019011;"Zduńska Wola (1)";2418,80;
1019023;"Szadek (3)";2401,49;
1019032;"Zapolice (2)";2558,19;
1019042;"Zduńska Wola (2)";2399,97;
1020000;"Powiat zgierski";2584,19;
1020011;"Głowno (1)";3801,73;
1020021;"Ozorków (1)";2421,45;
1020031;"Zgierz (1)";2277,34;
1020043;"Aleksandrów Łódzki (3)";2363,44;
1020052;"Głowno (2)";2000,47;
1020062;"Ozorków (2)";2669,40;
1020072;"Parzęczew (2)";3245,03;
1020083;"Stryków (3)";3366,78;
1020092;"Zgierz (2)";2457,79;
1021000;"Powiat brzeziński";2518,49;
1021011;"Brzeziny (1)";2478,73;
1021022;"Brzeziny (2)";2305,34;
1021032;"Dmosin (2)";2942,81;
1021042;"Jeżów (2)";2644,29;
1021052;"Rogów (2)";2367,26;
1061000;"Powiat m.Łódź";3775,46;
1061011;"Łódź (1)";3775,46;
1062000;"Powiat m.Piotrków Trybunalski";4112,60;
1062011;"Piotrków Trybunalski (1)";4112,60;
1063000;"Powiat m.Skierniewice";3552,52;
1063011;"Skierniewice (1)";3552,52;
1200000;"MAŁOPOLSKIE";3354,49;
1201000;"Powiat bocheński";2830,42;
1201011;"Bochnia (1)";2438,78;
1201022;"Bochnia (2)";2571,46;
1201032;"Drwinia (2)";2693,10;
1201042;"Lipnica Murowana (2)";2970,76;
1201052;"Łapanów (2)";4100,44;
1201063;"Nowy Wiśnicz (3)";2789,31;
1201072;"Rzezawa (2)";2638,40;
1201082;"Trzciana (2)";3770,08;
1201092;"Żegocina (2)";3744,18;
1202000;"Powiat brzeski";2913,88;
1202012;"Borzęcin (2)";4040,81;
1202023;"Brzesko (3)";2400,19;
1202033;"Czchów (3)";2961,07;
1202042;"Dębno (2)";2245,41;
1202052;"Gnojnik (2)";3251,84;
1202062;"Iwkowa (2)";3095,69;
1202072;"Szczurowa (2)";4409,27;
1203000;"Powiat chrzanowski";2692,27;
1203013;"Alwernia (3)";2061,01;
1203022;"Babice (2)";2195,13;
1203033;"Chrzanów (3)";3148,46;
1203043;"Libiąż (3)";2199,67;
1203053;"Trzebinia (3)";2733,30;
1204000;"Powiat dąbrowski";3078,81;
1204012;"Bolesław (2)";3699,51;
1204023;"Dąbrowa Tarnowska (3)";2949,00;
1204032;"Gręboszów (2)";3519,16;
1204042;"Mędrzechów (2)";2953,93;
1204052;"Olesno (2)";2547,28;
1204062;"Radgoszcz (2)";3609,69;
1204073;"Szczucin (3)";3089,87;
1205000;"Powiat gorlicki";3203,98;
1205011;"Gorlice (1)";3099,56;
1205023;"Biecz (3)";2969,78;
1205033;"Bobowa (3)";4214,50;
1205042;"Gorlice (2)";2920,41;
1205052;"Lipinki (2)";2733,77;
1205062;"Łużna (2)";2797,63;
1205072;"Moszczenica (2)";3350,85;
1205082;"Ropa (2)";3184,33;
1205092;"Sękowa (2)";3523,03;
1205102;"Uście Gorlickie (2)";4206,65;
1206000;"Powiat krakowski";2752,70;
1206012;"Czernichów (2)";2700,62;
1206022;"Igołomia-Wawrzeńczyce (2)";3072,84;
1206032;"Iwanowice (2)";2672,98;
1206042;"Jerzmanowice-Przeginia (2)";2799,85;
1206052;"Kocmyrzów-Luborzyca (2)";2881,27;
1206063;"Krzeszowice (3)";2510,12;
1206072;"Liszki (2)";2173,71;
1206082;"Michałowice (2)";2306,29;
1206092;"Mogilany (2)";2574,18;
1206103;"Skała (3)";2504,49;
1206113;"Skawina (3)";3108,31;
1206123;"Słomniki (3)";2691,13;
1206132;"Sułoszowa (2)";3012,22;
1206143;"Świątniki Górne (3)";2689,61;
1206152;"Wielka Wieś (2)";3254,47;
1206162;"Zabierzów (2)";2907,87;
1206172;"Zielonki (2)";2668,71;
1207000;"Powiat limanowski";3270,92;
1207011;"Limanowa (1)";3083,75;
1207021;"Mszana Dolna (1)";3807,50;
1207032;"Dobra (2)";3067,15;
1207042;"Jodłownik (2)";3984,63;
1207052;"Kamienica (2)";3269,81;
1207062;"Laskowa (2)";4578,28;
1207072;"Limanowa (2)";2926,51;
1207082;"Łukowica (2)";3368,22;
1207092;"Mszana Dolna (2)";2644,38;
1207102;"Niedźwiedź (2)";3469,79;
1207112;"Słopnice (2)";3589,30;
1207122;"Tymbark (2)";3133,66;
1208000;"Powiat miechowski";2670,89;
1208012;"Charsznica (2)";2528,62;
1208022;"Gołcza (2)";2624,68;
1208032;"Kozłów (2)";2751,40;
1208042;"Książ Wielki (2)";3196,26;
1208053;"Miechów (3)";2577,08;
1208062;"Racławice (2)";3152,56;
1208072;"Słaboszów (2)";2368,11;
1209000;"Powiat myślenicki";3450,90;
1209013;"Dobczyce (3)";4316,45;
1209022;"Lubień (2)";2777,37;
1209033;"Myślenice (3)";3847,71;
1209042;"Pcim (2)";3052,85;
1209052;"Raciechowice (2)";3858,38;
1209062;"Siepraw (2)";2937,08;
1209073;"Sułkowice (3)";2731,38;
1209082;"Tokarnia (2)";2992,32;
1209092;"Wiśniowa (2)";3054,89;
1210000;"Powiat nowosądecki";3448,90;
1210011;"Grybów (1)";3448,76;
1210022;"Chełmiec (2)";3175,77;
1210032;"Gródek nad Dunajcem (2)";4270,84;
1210042;"Grybów (2)";2949,52;
1210052;"Kamionka Wielka (2)";3253,53;
1210062;"Korzenna (2)";3360,46;
1210073;"Krynica-Zdrój (3)";5297,42;
1210082;"Łabowa (2)";3792,98;
1210092;"Łącko (2)";3448,93;
1210102;"Łososina Dolna (2)";3274,52;
1210113;"Muszyna (3)";4082,33;
1210122;"Nawojowa (2)";3223,54;
1210133;"Piwniczna-Zdrój (3)";3458,75;
1210142;"Podegrodzie (2)";2952,62;
1210152;"Rytro (2)";3819,66;
1210163;"Stary Sącz (3)";2676,63;
1211000;"Powiat nowotarski";2863,57;
1211011;"Nowy Targ (1)";2483,44;
1211023;"Szczawnica (3)";4210,53;
1211032;"Czarny Dunajec (2)";2800,63;
1211042;"Czorsztyn (2)";3216,25;
1211052;"Jabłonka (2)";3158,84;
1211062;"Krościenko nad Dunajcem (2)";2650,16;
1211072;"Lipnica Wielka (2)";3326,26;
1211082;"Łapsze Niżne (2)";2827,31;
1211092;"Nowy Targ (2)";2784,38;
1211102;"Ochotnica Dolna (2)";3383,56;
1211112;"Raba Wyżna (2)";2447,08;
1211123;"Rabka-Zdrój (3)";2665,31;
1211132;"Spytkowice (2)";3238,63;
1211142;"Szaflary (2)";2936,46;
1212000;"Powiat olkuski";2526,68;
1212011;"Bukowno (1)";3188,30;
1212032;"Bolesław (2)";3396,92;
1212042;"Klucze (2)";2626,17;
1212053;"Olkusz (3)";2269,70;
1212062;"Trzyciąż (2)";2904,11;
1212073;"Wolbrom (3)";2311,03;
1213000;"Powiat oświęcimski";2701,83;
1213011;"Oświęcim (1)";3182,69;
1213023;"Brzeszcze (3)";2340,84;
1213033;"Chełmek (3)";2257,70;
1213043;"Kęty (3)";2256,24;
1213052;"Osiek (2)";2762,93;
1213062;"Oświęcim (2)";2322,35;
1213072;"Polanka Wielka (2)";2369,34;
1213082;"Przeciszów (2)";2665,98;
1213093;"Zator (3)";4585,47;
1214000;"Powiat proszowicki";2941,82;
1214012;"Koniusza (2)";2664,94;
1214022;"Koszyce (2)";3235,74;
1214033;"Nowe Brzesko (3)";3795,19;
1214042;"Pałecznica (2)";4167,15;
1214053;"Proszowice (3)";2470,02;
1214062;"Radziemice (2)";2677,66;
1215000;"Powiat suski";2702,86;
1215011;"Jordanów (1)";2819,14;
1215021;"Sucha Beskidzka (1)";2542,07;
1215032;"Budzów (2)";2752,64;
1215042;"Bystra-Sidzina (2)";2802,82;
1215052;"Jordanów (2)";2655,77;
1215063;"Maków Podhalański (3)";2557,99;
1215072;"Stryszawa (2)";2642,85;
1215082;"Zawoja (2)";2886,49;
1215092;"Zembrzyce (2)";3009,03;
1216000;"Powiat tarnowski";2882,82;
1216013;"Ciężkowice (3)";3332,16;
1216022;"Gromnik (2)";3188,64;
1216032;"Lisia Góra (2)";2618,91;
1216042;"Pleśna (2)";3333,08;
1216053;"Radłów (3)";2591,73;
1216063;"Ryglice (3)";3053,04;
1216072;"Rzepiennik Strzyżewski (2)";3146,88;
1216082;"Skrzyszów (2)";2483,93;
1216092;"Tarnów (2)";2514,35;
1216103;"Tuchów (3)";2600,41;
1216112;"Wierzchosławice (2)";3980,70;
1216122;"Wietrzychowice (2)";2833,35;
1216133;"Wojnicz (3)";2479,98;
1216143;"Zakliczyn (3)";3058,98;
1216153;"Żabno (3)";2846,65;
1216162;"Szerzyny (2)";3098,01;
1217000;"Powiat tatrzański";2963,74;
1217011;"Zakopane (1)";3278,47;
1217022;"Biały Dunajec (2)";2422,99;
1217032;"Bukowina Tatrzańska (2)";2867,72;
1217042;"Kościelisko (2)";3025,78;
1217052;"Poronin (2)";2583,08;
1218000;"Powiat wadowicki";2568,10;
1218013;"Andrychów (3)";2362,84;
1218022;"Brzeźnica (2)";2454,92;
1218033;"Kalwaria Zebrzydowska (3)";2455,44;
1218042;"Lanckorona (2)";4905,80;
1218052;"Mucharz (2)";3221,51;
1218062;"Spytkowice (2)";2507,26;
1218072;"Stryszów (2)";2477,76;
1218082;"Tomice (2)";2288,65;
1218093;"Wadowice (3)";2413,05;
1218102;"Wieprz (2)";2969,76;
1219000;"Powiat wielicki";3155,16;
1219012;"Biskupice (2)";2548,78;
1219022;"Gdów (2)";2693,60;
1219032;"Kłaj (2)";2395,69;
1219043;"Niepołomice (3)";4835,55;
1219053;"Wieliczka (3)";2785,10;
1261000;"Powiat m.Kraków";4400,30;
1261011;"Kraków (1)";4400,30;
1262000;"Powiat m.Nowy Sącz";4714,88;
1262011;"Nowy Sącz (1)";4714,88;
1263000;"Powiat m.Tarnów";4264,35;
1263011;"Tarnów (1)";4264,35;
1400000;"MAZOWIECKIE";4275,61;
1401000;"Powiat białobrzeski";2954,30;
1401013;"Białobrzegi (3)";2813,24;
1401022;"Promna (2)";2702,64;
1401032;"Radzanów (2)";3568,75;
1401042;"Stara Błotnica (2)";2741,77;
1401052;"Stromiec (2)";2921,08;
1401063;"Wyśmierzyce (3)";3577,42;
1402000;"Powiat ciechanowski";2797,77;
1402011;"Ciechanów (1)";2555,72;
1402022;"Ciechanów (2)";2295,65;
1402033;"Glinojeck (3)";4201,66;
1402042;"Gołymin-Ośrodek (2)";2612,53;
1402052;"Grudusk (2)";3633,80;
1402062;"Ojrzeń (2)";3415,26;
1402072;"Opinogóra Górna (2)";2701,03;
1402082;"Regimin (2)";2769,79;
1402092;"Sońsk (2)";2588,18;
1403000;"Powiat garwoliński";2545,43;
1403011;"Garwolin (1)";2653,22;
1403021;"Łaskarzew (1)";3020,12;
1403032;"Borowie (2)";3102,87;
1403042;"Garwolin (2)";2198,21;
1403052;"Górzno (2)";2549,12;
1403062;"Łaskarzew (2)";2741,70;
1403072;"Maciejowice (2)";2932,39;
1403082;"Miastków Kościelny (2)";2571,10;
1403092;"Parysów (2)";2376,25;
1403103;"Pilawa (3)";2182,05;
1403112;"Sobolew (2)";2620,07;
1403122;"Trojanów (2)";2344,87;
1403132;"Wilga (2)";2455,85;
1403143;"Żelechów (3)";2449,19;
1404000;"Powiat gostyniński";2498,04;
1404011;"Gostynin (1)";2287,45;
1404022;"Gostynin (2)";2755,38;
1404032;"Pacyna (2)";2524,50;
1404042;"Sanniki (2)";2416,36;
1404052;"Szczawin Kościelny (2)";2760,88;
1405000;"Powiat grodziski";3291,93;
1405011;"Milanówek (1)";3121,40;
1405021;"Podkowa Leśna (1)";5228,52;
1405032;"Baranów (2)";3362,29;
1405043;"Grodzisk Mazowiecki (3)";3106,89;
1405052;"Jaktorów (2)";3573,87;
1405062;"Żabia Wola (2)";3230,90;
1406000;"Powiat grójecki";2682,89;
1406012;"Belsk Duży (2)";2809,44;
1406022;"Błędów (2)";2415,27;
1406032;"Chynów (2)";2471,12;
1406042;"Goszczyn (2)";2569,22;
1406053;"Grójec (3)";2519,06;
1406062;"Jasieniec (2)";2799,47;
1406073;"Mogielnica (3)";3052,62;
1406083;"Nowe Miasto nad Pilicą (3)";2516,68;
1406092;"Pniewy (2)";2676,02;
1406113;"Warka (3)";2951,30;
1407000;"Powiat kozienicki";3705,90;
1407012;"Garbatka-Letnisko (2)";2686,77;
1407022;"Głowaczów (2)";3159,81;
1407032;"Gniewoszów (2)";2776,88;
1407042;"Grabów nad Pilicą (2)";2961,50;
1407053;"Kozienice (3)";4489,11;
1407062;"Magnuszew (2)";2927,62;
1407072;"Sieciechów (2)";3064,78;
1408000;"Powiat legionowski";3021,19;
1408011;"Legionowo (1)";2867,03;
1408022;"Jabłonna (2)";2610,89;
1408032;"Nieporęt (2)";3642,24;
1408043;"Serock (3)";3228,70;
1408052;"Wieliszew (2)";3399,27;
1409000;"Powiat lipski";2615,64;
1409012;"Chotcza (2)";3032,30;
1409022;"Ciepielów (2)";3002,39;
1409033;"Lipsko (3)";2300,69;
1409042;"Rzeczniów (2)";2448,00;
1409052;"Sienno (2)";2644,85;
1409062;"Solec nad Wisłą (2)";2794,64;
1410000;"Powiat łosicki";2592,65;
1410012;"Huszlew (2)";2747,96;
1410023;"Łosice (3)";2252,29;
1410032;"Olszanka (2)";2732,69;
1410042;"Platerów (2)";2643,15;
1410052;"Sarnaki (2)";2968,26;
1410062;"Stara Kornica (2)";2734,37;
1411000;"Powiat makowski";2915,32;
1411011;"Maków Mazowiecki (1)";2499,11;
1411022;"Czerwonka (2)";3359,40;
1411032;"Karniewo (2)";2848,88;
1411042;"Krasnosielc (2)";2993,86;
1411052;"Młynarze (2)";3024,58;
1411062;"Płoniawy-Bramura (2)";2568,84;
1411073;"Różan (3)";4465,55;
1411082;"Rzewnie (2)";3021,68;
1411092;"Sypniewo (2)";2794,31;
1411102;"Szelków (2)";2356,15;
1412000;"Powiat miński";2590,38;
1412011;"Mińsk Mazowiecki (1)";2487,62;
1412042;"Cegłów (2)";2599,99;
1412052;"Dębe Wielkie (2)";2293,30;
1412062;"Dobre (2)";3109,36;
1412073;"Halinów (3)";2466,42;
1412082;"Jakubów (2)";2538,58;
1412093;"Kałuszyn (3)";2833,26;
1412102;"Latowicz (2)";2744,79;
1412112;"Mińsk Mazowiecki (2)";2227,46;
1412122;"Mrozy (2)";2790,86;
1412132;"Siennica (2)";2755,90;
1412142;"Stanisławów (2)";2683,91;
1412151;"Sulejówek (1)";2840,95;
1413000;"Powiat mławski";2911,64;
1413011;"Mława (1)";2702,07;
1413022;"Dzierzgowo (2)";2996,37;
1413032;"Lipowiec Kościelny (2)";2563,64;
1413042;"Radzanów (2)";3103,29;
1413052;"Strzegowo (2)";3598,46;
1413062;"Stupsk (2)";2604,49;
1413072;"Szreńsk (2)";2812,81;
1413082;"Szydłowo (2)";2509,70;
1413092;"Wieczfnia Kościelna (2)";4495,79;
1413102;"Wiśniewo (2)";2722,20;
1414000;"Powiat nowodworski";3236,91;
1414011;"Nowy Dwór Mazowiecki (1)";3797,03;
1414022;"Czosnów (2)";3453,05;
1414032;"Leoncin (2)";2763,78;
1414043;"Nasielsk (3)";2434,35;
1414052;"Pomiechówek (2)";2881,51;
1414063;"Zakroczym (3)";3829,62;
1415000;"Powiat ostrołęcki";3314,48;
1415012;"Baranowo (2)";3921,53;
1415022;"Czarnia (2)";3170,72;
1415032;"Czerwin (2)";3158,77;
1415042;"Goworowo (2)";2750,04;
1415052;"Kadzidło (2)";3244,55;
1415062;"Lelis (2)";3121,89;
1415072;"Łyse (2)";3424,43;
1415083;"Myszyniec (3)";3436,37;
1415092;"Olszewo-Borki (2)";2959,93;
1415102;"Rzekuń (2)";3972,70;
1415112;"Troszyn (2)";3199,09;
1416000;"Powiat ostrowski";2888,61;
1416011;"Ostrów Mazowiecka (1)";2639,59;
1416022;"Andrzejewo (2)";3419,66;
1416032;"Boguty-Pianki (2)";2644,20;
1416043;"Brok (3)";3038,73;
1416052;"Małkinia Górna (2)";2597,07;
1416062;"Nur (2)";3077,64;
1416072;"Ostrów Mazowiecka (2)";3016,65;
1416082;"Stary Lubotyń (2)";3114,36;
1416092;"Szulborze Wielkie (2)";3660,35;
1416102;"Wąsewo (2)";3057,47;
1416112;"Zaręby Kościelne (2)";3378,38;
1417000;"Powiat otwocki";2712,65;
1417011;"Józefów (1)";3685,42;
1417021;"Otwock (1)";2334,53;
1417032;"Celestynów (2)";2281,33;
1417043;"Karczew (3)";2480,50;
1417052;"Kołbiel (2)";2518,96;
1417062;"Osieck (2)";2906,10;
1417072;"Sobienie-Jeziory (2)";2298,87;
1417082;"Wiązowna (2)";3615,59;
1418000;"Powiat piaseczyński";3733,93;
1418013;"Góra Kalwaria (3)";2855,84;
1418023;"Konstancin-Jeziorna (3)";4825,99;
1418032;"Lesznowola (2)";5105,37;
1418043;"Piaseczno (3)";3558,85;
1418052;"Prażmów (2)";2235,35;
1418063;"Tarczyn (3)";3156,27;
1419000;"Powiat płocki";3086,45;
1419012;"Bielsk (2)";2510,05;
1419022;"Bodzanów (2)";2739,11;
1419032;"Brudzeń Duży (2)";2507,61;
1419042;"Bulkowo (2)";2710,84;
1419053;"Drobin (3)";3228,86;
1419063;"Gąbin (3)";2910,48;
1419072;"Łąck (2)";2938,07;
1419082;"Mała Wieś (2)";2679,71;
1419092;"Nowy Duninów (2)";3013,38;
1419102;"Radzanowo (2)";2486,17;
1419112;"Słubice (2)";4357,60;
1419122;"Słupno (2)";5803,91;
1419132;"Stara Biała (2)";3163,46;
1419142;"Staroźreby (2)";3209,13;
1419153;"Wyszogród (3)";2845,23;
1420000;"Powiat płoński";3035,82;
1420011;"Płońsk (1)";2966,02;
1420021;"Raciąż (1)";3221,42;
1420032;"Baboszewo (2)";3055,37;
1420042;"Czerwińsk nad Wisłą (2)";3067,72;
1420052;"Dzierzążnia (2)";2510,77;
1420062;"Joniec (2)";2584,49;
1420072;"Naruszewo (2)";3100,51;
1420082;"Nowe Miasto (2)";2635,53;
1420092;"Płońsk (2)";4020,12;
1420102;"Raciąż (2)";2413,94;
1420112;"Sochocin (2)";3300,99;
1420122;"Załuski (2)";3310,74;
1421000;"Powiat pruszkowski";3422,34;
1421011;"Piastów (1)";2302,08;
1421021;"Pruszków (1)";2614,55;
1421033;"Brwinów (3)";4141,40;
1421042;"Michałowice (2)";4728,19;
1421052;"Nadarzyn (2)";5591,26;
1421062;"Raszyn (2)";3808,35;
1422000;"Powiat przasnyski";3192,67;
1422011;"Przasnysz (1)";2991,07;
1422023;"Chorzele (3)";3037,65;
1422032;"Czernice Borowe (2)";3541,22;
1422042;"Jednorożec (2)";3864,72;
1422052;"Krasne (2)";3054,54;
1422062;"Krzynowłoga Mała (2)";3189,11;
1422072;"Przasnysz (2)";3104,01;
1423000;"Powiat przysuski";3049,63;
1423012;"Borkowice (2)";2634,18;
1423022;"Gielniów (2)";2473,53;
1423032;"Klwów (2)";4050,15;
1423042;"Odrzywół (2)";2934,98;
1423052;"Potworów (2)";4398,74;
1423063;"Przysucha (3)";2740,50;
1423072;"Rusinów (2)";3346,59;
1423082;"Wieniawa (2)";2742,85;
1424000;"Powiat pułtuski";2740,41;
1424012;"Gzy (2)";2407,26;
1424022;"Obryte (2)";2864,74;
1424032;"Pokrzywnica (2)";2674,32;
1424043;"Pułtusk (3)";2579,25;
1424052;"Świercze (2)";2666,90;
1424062;"Winnica (2)";3593,81;
1424072;"Zatory (2)";3105,28;
1425000;"Powiat radomski";2813,09;
1425011;"Pionki (1)";3397,30;
1425022;"Gózd (2)";3281,75;
1425033;"Iłża (3)";2319,82;
1425042;"Jastrzębia (2)";2842,00;
1425052;"Jedlińsk (2)";2834,62;
1425062;"Jedlnia-Letnisko (2)";2579,56;
1425072;"Kowala (2)";2607,03;
1425082;"Pionki (2)";3040,05;
1425092;"Przytyk (2)";3194,80;
1425103;"Skaryszew (3)";2463,78;
1425112;"Wierzbica (2)";2896,42;
1425122;"Wolanów (2)";2643,48;
1425132;"Zakrzew (2)";2589,56;
1426000;"Powiat siedlecki";2957,86;
1426012;"Domanice (2)";3206,16;
1426022;"Korczew (2)";2633,67;
1426032;"Kotuń (2)";2574,57;
1426042;"Mokobody (2)";3549,53;
1426053;"Mordy (3)";2422,80;
1426062;"Paprotnia (2)";2808,98;
1426072;"Przesmyki (2)";4072,81;
1426082;"Siedlce (2)";2545,64;
1426092;"Skórzec (2)";2721,88;
1426102;"Suchożebry (2)";4563,95;
1426112;"Wiśniew (2)";2763,78;
1426122;"Wodynie (2)";3134,18;
1426132;"Zbuczyn (2)";3120,55;
1427000;"Powiat sierpecki";3088,14;
1427011;"Sierpc (1)";2919,28;
1427022;"Gozdowo (2)";3132,82;
1427032;"Mochowo (2)";3617,65;
1427042;"Rościszewo (2)";2954,92;
1427052;"Sierpc (2)";3228,77;
1427062;"Szczutowo (2)";3147,25;
1427072;"Zawidz (2)";2939,27;
1428000;"Powiat sochaczewski";2972,68;
1428011;"Sochaczew (1)";2476,72;
1428022;"Brochów (2)";3456,33;
1428032;"Iłów (2)";3144,32;
1428042;"Młodzieszyn (2)";3705,66;
1428052;"Nowa Sucha (2)";3414,21;
1428062;"Rybno (2)";2850,01;
1428072;"Sochaczew (2)";2893,74;
1428082;"Teresin (2)";3857,28;
1429000;"Powiat sokołowski";2962,24;
1429011;"Sokołów Podlaski (1)";2778,48;
1429022;"Bielany (2)";3095,70;
1429032;"Ceranów (2)";3018,92;
1429042;"Jabłonna Lacka (2)";2512,78;
1429053;"Kosów Lacki (3)";2472,64;
1429062;"Repki (2)";3112,24;
1429072;"Sabnie (2)";4789,04;
1429082;"Sokołów Podlaski (2)";2777,57;
1429092;"Sterdyń (2)";3249,19;
1430000;"Powiat szydłowiecki";2636,12;
1430012;"Chlewiska (2)";2627,54;
1430022;"Jastrząb (2)";2671,34;
1430032;"Mirów (2)";3111,05;
1430042;"Orońsko (2)";2577,83;
1430053;"Szydłowiec (3)";2552,24;
1432000;"Powiat warszawski zachodni";3539,88;
1432013;"Błonie (3)";3523,91;
1432022;"Izabelin (2)";3483,73;
1432032;"Kampinos (2)";3706,48;
1432042;"Leszno (2)";2575,00;
1432053;"Łomianki (3)";3559,42;
1432063;"Ożarów Mazowiecki (3)";3971,74;
1432072;"Stare Babice (2)";3532,68;
1433000;"Powiat węgrowski";3076,49;
1433011;"Węgrów (1)";3670,18;
1433022;"Grębków (2)";2404,98;
1433032;"Korytnica (2)";2841,13;
1433042;"Liw (2)";2610,75;
1433053;"Łochów (3)";3149,67;
1433062;"Miedzna (2)";3036,19;
1433072;"Sadowne (2)";2831,65;
1433082;"Stoczek (2)";3651,97;
1433092;"Wierzbno (2)";2378,17;
1434000;"Powiat wołomiński";2715,31;
1434011;"Kobyłka (1)";2678,53;
1434021;"Marki (1)";2672,51;
1434031;"Ząbki (1)";3480,46;
1434041;"Zielonka (1)";2943,23;
1434052;"Dąbrówka (2)";3351,10;
1434062;"Jadów (2)";3686,55;
1434072;"Klembów (2)";2468,96;
1434082;"Poświętne (2)";2460,10;
1434093;"Radzymin (3)";2481,68;
1434102;"Strachówka (2)";2825,07;
1434113;"Tłuszcz (3)";2365,00;
1434123;"Wołomin (3)";2302,85;
1435000;"Powiat wyszkowski";2799,51;
1435012;"Brańszczyk (2)";3149,71;
1435022;"Długosiodło (2)";3889,81;
1435032;"Rząśnik (2)";3122,98;
1435042;"Somianka (2)";3130,72;
1435053;"Wyszków (3)";2329,91;
1435062;"Zabrodzie (2)";3247,46;
1436000;"Powiat zwoleński";2752,28;
1436012;"Kazanów (2)";2787,80;
1436022;"Policzna (2)";2593,28;
1436032;"Przyłęk (2)";2808,79;
1436042;"Tczów (2)";3854,29;
1436053;"Zwoleń (3)";2426,47;
1437000;"Powiat żuromiński";2688,28;
1437013;"Bieżuń (3)";3219,50;
1437022;"Kuczbork-Osada (2)";2834,09;
1437032;"Lubowidz (2)";2738,57;
1437042;"Lutocin (2)";2902,58;
1437052;"Siemiątkowo (2)";3116,36;
1437063;"Żuromin (3)";2248,76;
1438000;"Powiat żyrardowski";2912,16;
1438011;"Żyrardów (1)";2835,07;
1438023;"Mszczonów (3)";3967,96;
1438032;"Puszcza Mariańska (2)";2258,58;
1438042;"Radziejowice (2)";2824,53;
1438052;"Wiskitki (2)";2606,41;
1461000;"Powiat m.Ostrołęka";4217,60;
1461011;"Ostrołęka (1)";4217,60;
1462000;"Powiat m.Płock";4902,21;
1462011;"Płock (1)";4902,21;
1463000;"Powiat m.Radom";3974,37;
1463011;"Radom (1)";3974,37;
1464000;"Powiat m.Siedlce";4183,40;
1464011;"Siedlce (1)";4183,40;
1465000;"Powiat m. st. Warszawa";6616,22;
1465011;"M.st.Warszawa od 2002 (1)";6616,22;
1600000;"OPOLSKIE";2923,61;
1601000;"Powiat brzeski";2622,01;
1601011;"Brzeg (1)";2460,00;
1601022;"Skarbimierz (2)";3161,01;
1601033;"Grodków (3)";2755,00;
1601043;"Lewin Brzeski (3)";2710,41;
1601052;"Lubsza (2)";2414,28;
1601062;"Olszanka (2)";2621,63;
1602000;"Powiat głubczycki";2662,68;
1602013;"Baborów (3)";2693,56;
1602022;"Branice (2)";2593,70;
1602033;"Głubczyce (3)";2698,24;
1602043;"Kietrz (3)";2615,86;
1603000;"Powiat kędzierzyńsko-kozielski";3212,66;
1603011;"Kędzierzyn-Koźle (1)";3329,65;
1603022;"Bierawa (2)";3257,58;
1603032;"Cisek (2)";3173,59;
1603042;"Pawłowiczki (2)";2671,53;
1603052;"Polska Cerekiew (2)";3768,26;
1603062;"Reńska Wieś (2)";2519,91;
1604000;"Powiat kluczborski";2677,51;
1604013;"Byczyna (3)";3274,06;
1604023;"Kluczbork (3)";2600,54;
1604032;"Lasowice Wielkie (2)";2735,53;
1604043;"Wołczyn (3)";2443,06;
1605000;"Powiat krapkowicki";2774,33;
1605013;"Gogolin (3)";3546,46;
1605023;"Krapkowice (3)";2307,69;
1605032;"Strzeleczki (2)";2427,45;
1605042;"Walce (2)";3084,43;
1605053;"Zdzieszowice (3)";2914,73;
1606000;"Powiat namysłowski";2809,74;
1606012;"Domaszowice (2)";3103,49;
1606023;"Namysłów (3)";2635,22;
1606032;"Pokój (2)";3103,63;
1606042;"Świerczów (2)";3002,77;
1606052;"Wilków (2)";3046,96;
1607000;"Powiat nyski";2445,92;
1607013;"Głuchołazy (3)";2406,20;
1607022;"Kamiennik (2)";2974,21;
1607033;"Korfantów (3)";2504,25;
1607042;"Łambinowice (2)";2491,77;
1607053;"Nysa (3)";2345,51;
1607063;"Otmuchów (3)";2434,26;
1607073;"Paczków (3)";2501,61;
1607082;"Pakosławice (2)";3025,24;
1607092;"Skoroszyce (2)";2642,77;
1608000;"Powiat oleski";2742,97;
1608013;"Dobrodzień (3)";2641,65;
1608023;"Gorzów Śląski (3)";2833,06;
1608033;"Olesno (3)";2894,89;
1608043;"Praszka (3)";2242,08;
1608052;"Radłów (2)";2810,42;
1608062;"Rudniki (2)";3023,49;
1608072;"Zębowice (2)";3252,27;
1609000;"Powiat opolski";2732,92;
1609012;"Chrząstowice (2)";2599,76;
1609022;"Dąbrowa (2)";2495,72;
1609032;"Dobrzeń Wielki (2)";4548,21;
1609042;"Komprachcice (2)";2210,30;
1609052;"Łubniany (2)";2273,96;
1609062;"Murów (2)";2938,14;
1609073;"Niemodlin (3)";2707,43;
1609083;"Ozimek (3)";2300,12;
1609092;"Popielów (2)";3236,61;
1609103;"Prószków (3)";2512,42;
1609112;"Tarnów Opolski (2)";2442,64;
1609122;"Tułowice (2)";2595,86;
1609132;"Turawa (2)";2381,00;
1610000;"Powiat prudnicki";2612,86;
1610013;"Biała (3)";2661,88;
1610023;"Głogówek (3)";2485,82;
1610032;"Lubrza (2)";2316,45;
1610043;"Prudnik (3)";2701,46;
1611000;"Powiat strzelecki";2564,26;
1611012;"Izbicko (2)";2515,69;
1611022;"Jemielnica (2)";2707,81;
1611033;"Kolonowskie (3)";2299,41;
1611043;"Leśnica (3)";2692,90;
1611053;"Strzelce Opolskie (3)";2564,26;
1611063;"Ujazd (3)";2960,51;
1611073;"Zawadzkie (3)";2340,88;
1661000;"Powiat m.Opole";4510,56;
1661011;"Opole (1)";4510,56;
1800000;"PODKARPACKIE";3169,57;
1801000;"Powiat bieszczadzki";3187,05;
1801032;"Czarna (2)";3244,56;
1801052;"Lutowiska (2)";4471,60;
1801083;"Ustrzyki Dolne (3)";3024,21;
1802000;"Powiat brzozowski";2870,03;
1802013;"Brzozów (3)";2851,27;
1802022;"Domaradz (2)";2943,27;
1802032;"Dydnia (2)";3009,64;
1802042;"Haczów (2)";2637,98;
1802052;"Jasienica Rosielna (2)";2962,89;
1802062;"Nozdrzec (2)";2912,60;
1803000;"Powiat dębicki";2856,85;
1803011;"Dębica (1)";2651,75;
1803023;"Brzostek (3)";2908,67;
1803032;"Czarna (2)";2713,27;
1803042;"Dębica (2)";3122,95;
1803052;"Jodłowa (2)";3181,31;
1803063;"Pilzno (3)";3160,36;
1803072;"Żyraków (2)";2640,12;
1804000;"Powiat jarosławski";2802,65;
1804011;"Jarosław (1)";2500,44;
1804021;"Radymno (1)";2513,66;
1804032;"Chłopice (2)";2899,79;
1804042;"Jarosław (2)";3006,93;
1804052;"Laszki (2)";2613,53;
1804062;"Pawłosiów (2)";2283,88;
1804073;"Pruchnik (3)";3397,51;
1804082;"Radymno (2)";2855,22;
1804092;"Rokietnica (2)";2785,28;
1804102;"Roźwienica (2)";3803,23;
1804112;"Wiązownica (2)";3101,87;
1805000;"Powiat jasielski";2800,15;
1805011;"Jasło (1)";2946,87;
1805022;"Brzyska (2)";2685,19;
1805032;"Dębowiec (2)";2960,11;
1805042;"Jasło (2)";2420,46;
1805053;"Kołaczyce (3)";2864,49;
1805062;"Krempna (2)";3808,29;
1805072;"Nowy Żmigród (2)";2834,62;
1805082;"Osiek Jasielski (2)";2780,73;
1805092;"Skołyszyn (2)";2871,38;
1805112;"Tarnowiec (2)";2405,91;
1806000;"Powiat kolbuszowski";2912,57;
1806012;"Cmolas (2)";2751,76;
1806023;"Kolbuszowa (3)";2737,93;
1806032;"Majdan Królewski (2)";3214,03;
1806042;"Niwiska (2)";2899,02;
1806052;"Raniżów (2)";3243,84;
1806062;"Dzikowiec (2)";2971,22;
1807000;"Powiat krośnieński";2731,22;
1807012;"Chorkówka (2)";2497,40;
1807023;"Dukla (3)";2934,65;
1807033;"Iwonicz-Zdrój (3)";3117,88;
1807043;"Jedlicze (3)";2340,97;
1807052;"Korczyna (2)";2625,77;
1807062;"Krościenko Wyżne (2)";2441,50;
1807072;"Miejsce Piastowe (2)";2660,87;
1807083;"Rymanów (3)";3198,14;
1807092;"Wojaszówka (2)";2524,12;
1807102;"Jaśliska (2)";2836,87;
1808000;"Powiat leżajski";2802,34;
1808011;"Leżajsk (1)";2479,34;
1808022;"Grodzisko Dolne (2)";3806,60;
1808032;"Kuryłówka (2)";3403,53;
1808042;"Leżajsk (2)";2841,78;
1808053;"Nowa Sarzyna (3)";2449,61;
1809000;"Powiat lubaczowski";3248,71;
1809011;"Lubaczów (1)";2542,19;
1809023;"Cieszanów (3)";3788,38;
1809032;"Horyniec-Zdrój (2)";3740,83;
1809042;"Lubaczów (2)";3696,07;
1809053;"Narol (3)";3067,02;
1809063;"Oleszyce (3)";3347,59;
1809072;"Stary Dzików (2)";3519,76;
1809082;"Wielkie Oczy (2)";2708,59;
1810000;"Powiat łańcucki";2647,43;
1810011;"Łańcut (1)";2604,52;
1810022;"Białobrzegi (2)";2609,11;
1810032;"Czarna (2)";2539,93;
1810042;"Łańcut (2)";2580,60;
1810052;"Markowa (2)";2702,77;
1810062;"Rakszawa (2)";2630,89;
1810072;"Żołynia (2)";3150,49;
1811000;"Powiat mielecki";2707,18;
1811011;"Mielec (1)";2553,25;
1811022;"Borowa (2)";2893,45;
1811032;"Czermin (2)";2900,00;
1811042;"Gawłuszowice (2)";3428,15;
1811052;"Mielec (2)";2481,59;
1811062;"Padew Narodowa (2)";2852,29;
1811073;"Przecław (3)";2777,81;
1811083;"Radomyśl Wielki (3)";2966,19;
1811092;"Tuszów Narodowy (2)";2965,42;
1811102;"Wadowice Górne (2)";2796,21;
1812000;"Powiat niżański";2927,26;
1812012;"Harasiuki (2)";3151,98;
1812022;"Jarocin (2)";2770,37;
1812032;"Jeżowe (2)";2995,65;
1812042;"Krzeszów (2)";4975,84;
1812053;"Nisko (3)";2577,20;
1812063;"Rudnik nad Sanem (3)";2827,46;
1812073;"Ulanów (3)";2791,11;
1813000;"Powiat przemyski";2975,69;
1813012;"Bircza (2)";3190,95;
1813022;"Dubiecko (2)";3289,86;
1813032;"Fredropol (2)";4009,48;
1813042;"Krasiczyn (2)";2486,85;
1813052;"Krzywcza (2)";2929,43;
1813062;"Medyka (2)";2811,23;
1813072;"Orły (2)";2894,24;
1813082;"Przemyśl (2)";2552,16;
1813092;"Stubno (2)";3802,09;
1813102;"Żurawica (2)";2587,67;
1814000;"Powiat przeworski";2839,58;
1814011;"Przeworsk (1)";2582,68;
1814022;"Adamówka (2)";2907,87;
1814032;"Gać (2)";2663,25;
1814042;"Jawornik Polski (2)";3152,86;
1814053;"Kańczuga (3)";2453,35;
1814062;"Przeworsk (2)";2455,03;
1814073;"Sieniawa (3)";3568,12;
1814082;"Tryńcza (2)";3849,51;
1814092;"Zarzecze (2)";2869,01;
1815000;"Powiat ropczycko-sędziszowski";3103,84;
1815012;"Iwierzyce (2)";2637,37;
1815022;"Ostrów (2)";6924,40;
1815033;"Ropczyce (3)";2786,13;
1815043;"Sędziszów Małopolski (3)";2566,55;
1815052;"Wielopole Skrzyńskie (2)";2803,88;
1816000;"Powiat rzeszowski";2747,11;
1816011;"Dynów (1)";2825,60;
1816023;"Błażowa (3)";3002,94;
1816033;"Boguchwała (3)";2255,93;
1816042;"Chmielnik (2)";3031,90;
1816052;"Dynów (2)";2847,67;
1816063;"Głogów Małopolski (3)";3026,59;
1816072;"Hyżne (2)";3100,66;
1816082;"Kamień (2)";3996,21;
1816092;"Krasne (2)";2413,05;
1816102;"Lubenia (2)";2469,47;
1816113;"Sokołów Małopolski (3)";2806,50;
1816122;"Świlcza (2)";2555,15;
1816132;"Trzebownisko (2)";2409,44;
1816143;"Tyczyn (3)";2849,24;
1817000;"Powiat sanocki";2752,27;
1817011;"Sanok (1)";2644,97;
1817022;"Besko (2)";3397,90;
1817032;"Bukowsko (2)";3539,14;
1817042;"Komańcza (2)";2921,07;
1817052;"Sanok (2)";2377,53;
1817062;"Tyrawa Wołoska (2)";3254,13;
1817073;"Zagórz (3)";2801,57;
1817082;"Zarszyn (2)";2876,35;
1818000;"Powiat stalowowolski";2927,98;
1818011;"Stalowa Wola (1)";3101,66;
1818022;"Bojanów (2)";3046,87;
1818032;"Pysznica (2)";2481,90;
1818042;"Radomyśl nad Sanem (2)";2975,25;
1818052;"Zaklików (2)";2680,09;
1818062;"Zaleszany (2)";2392,89;
1819000;"Powiat strzyżowski";2955,34;
1819012;"Czudec (2)";3634,86;
1819022;"Frysztak (2)";2940,51;
1819032;"Niebylec (2)";2539,36;
1819043;"Strzyżów (3)";2849,08;
1819052;"Wiśniowa (2)";2818,08;
1820000;"Powiat tarnobrzeski";2988,57;
1820013;"Baranów Sandomierski (3)";2935,38;
1820022;"Gorzyce (2)";3380,37;
1820032;"Grębów (2)";2970,11;
1820043;"Nowa Dęba (3)";2747,26;
1821000;"Powiat leski";3475,89;
1821012;"Baligród (2)";3691,54;
1821022;"Cisna (2)";5402,80;
1821033;"Lesko (3)";2944,72;
1821042;"Olszanica (2)";2971,41;
1821052;"Solina (2)";4358,99;
1861000;"Powiat m.Krosno";5308,92;
1861011;"Krosno (1)";5308,92;
1862000;"Powiat m.Przemyśl";6665,95;
1862011;"Przemyśl (1)";6665,95;
1863000;"Powiat m.Rzeszów";3995,36;
1863011;"Rzeszów (1)";3995,36;
1864000;"Powiat m.Tarnobrzeg";4723,00;
1864011;"Tarnobrzeg (1)";4723,00;
2000000;"PODLASKIE";3357,77;
2001000;"Powiat augustowski";2847,14;
2001011;"Augustów (1)";2293,30;
2001022;"Augustów (2)";3137,26;
2001032;"Bargłów Kościelny (2)";3760,55;
2001043;"Lipsk (3)";3218,65;
2001052;"Nowinka (2)";3661,29;
2001062;"Płaska (2)";5141,64;
2001072;"Sztabin (2)";2730,65;
2002000;"Powiat białostocki";2683,64;
2002013;"Choroszcz (3)";2304,33;
2002023;"Czarna Białostocka (3)";2793,86;
2002032;"Dobrzyniewo Duże (2)";2983,43;
2002042;"Gródek (2)";2759,65;
2002052;"Juchnowiec Kościelny (2)";2798,95;
2002063;"Łapy (3)";2464,50;
2002073;"Michałowo (3)";3665,18;
2002082;"Poświętne (2)";3215,46;
2002093;"Supraśl (3)";2479,30;
2002103;"Suraż (3)";2999,28;
2002112;"Turośń Kościelna (2)";2877,70;
2002123;"Tykocin (3)";2741,96;
2002133;"Wasilków (3)";2317,43;
2002143;"Zabłudów (3)";2565,49;
2002152;"Zawady (2)";3466,46;
2003000;"Powiat bielski";2668,39;
2003011;"Bielsk Podlaski (1)";2379,89;
2003021;"Brańsk (1)";3308,67;
2003032;"Bielsk Podlaski (2)";2472,56;
2003042;"Boćki (2)";2779,68;
2003052;"Brańsk (2)";2254,45;
2003062;"Orla (2)";3073,97;
2003072;"Rudka (2)";4994,37;
2003082;"Wyszki (2)";3234,70;
2004000;"Powiat grajewski";2777,66;
2004011;"Grajewo (1)";2323,46;
2004022;"Grajewo (2)";2897,44;
2004032;"Radziłów (2)";3871,63;
2004043;"Rajgród (3)";3213,47;
2004053;"Szczuczyn (3)";2899,15;
2004062;"Wąsosz (2)";2971,72;
2005000;"Powiat hajnowski";2914,79;
2005011;"Hajnówka (1)";2263,08;
2005022;"Białowieża (2)";4908,20;
2005032;"Czeremcha (2)";3112,76;
2005042;"Czyże (2)";3146,18;
2005052;"Dubicze Cerkiewne (2)";3941,77;
2005062;"Hajnówka (2)";3702,43;
2005073;"Kleszczele (3)";3343,09;
2005082;"Narew (2)";3116,92;
2005092;"Narewka (2)";3336,35;
2006000;"Powiat kolneński";2929,43;
2006011;"Kolno (1)";2622,82;
2006022;"Grabowo (2)";2882,63;
2006032;"Kolno (2)";3002,53;
2006042;"Mały Płock (2)";2686,25;
2006053;"Stawiski (3)";2929,82;
2006062;"Turośl (2)";3706,81;
2007000;"Powiat łomżyński";2700,25;
2007013;"Jedwabne (3)";2625,95;
2007022;"Łomża (2)";2277,56;
2007032;"Miastkowo (2)";3109,26;
2007043;"Nowogród (3)";3060,06;
2007052;"Piątnica (2)";2585,73;
2007062;"Przytuły (2)";2894,15;
2007072;"Śniadowo (2)";2721,10;
2007082;"Wizna (2)";2579,82;
2007092;"Zbójna (2)";3350,41;
2008000;"Powiat moniecki";2624,37;
2008013;"Goniądz (3)";3129,24;
2008022;"Jasionówka (2)";2594,43;
2008032;"Jaświły (2)";2530,88;
2008043;"Knyszyn (3)";2394,03;
2008052;"Krypno (2)";3750,31;
2008063;"Mońki (3)";2203,35;
2008072;"Trzcianne (2)";2848,10;
2009000;"Powiat sejneński";3164,78;
2009011;"Sejny (1)";2691,05;
2009022;"Giby (2)";3016,84;
2009032;"Krasnopol (2)";3274,58;
2009042;"Puńsk (2)";4472,18;
2009052;"Sejny (2)";2446,09;
2010000;"Powiat siemiatycki";3217,27;
2010011;"Siemiatycze (1)";2321,79;
2010023;"Drohiczyn (3)";4035,91;
2010032;"Dziadkowice (2)";3555,50;
2010042;"Grodzisk (2)";2765,19;
2010052;"Mielnik (2)";7349,30;
2010062;"Milejczyce (2)";2586,51;
2010072;"Nurzec-Stacja (2)";2766,93;
2010082;"Perlejewo (2)";4262,52;
2010092;"Siemiatycze (2)";2944,02;
2011000;"Powiat sokólski";2680,05;
2011013;"Dąbrowa Białostocka (3)";2691,16;
2011022;"Janów (2)";2526,17;
2011032;"Korycin (2)";4948,25;
2011043;"Krynki (3)";2862,90;
2011052;"Kuźnica (2)";2296,86;
2011062;"Nowy Dwór (2)";2372,18;
2011072;"Sidra (2)";2735,48;
2011083;"Sokółka (3)";2328,64;
2011093;"Suchowola (3)";2794,80;
2011102;"Szudziałowo (2)";3560,76;
2012000;"Powiat suwalski";3483,48;
2012012;"Bakałarzewo (2)";2709,65;
2012022;"Filipów (2)";3607,50;
2012032;"Jeleniewo (2)";4197,28;
2012042;"Przerośl (2)";3574,12;
2012052;"Raczki (2)";2884,81;
2012062;"Rutka-Tartak (2)";3419,67;
2012072;"Suwałki (2)";4003,04;
2012082;"Szypliszki (2)";3165,98;
2012092;"Wiżajny (2)";3737,26;
2013000;"Powiat wysokomazowiecki";2924,01;
2013011;"Wysokie Mazowieckie (1)";2919,62;
2013023;"Ciechanowiec (3)";2851,38;
2013033;"Czyżew (3)";3583,25;
2013042;"Klukowo (2)";2739,62;
2013052;"Kobylin-Borzymy (2)";3151,93;
2013062;"Kulesze Kościelne (2)";2783,18;
2013072;"Nowe Piekuty (2)";3800,30;
2013082;"Sokoły (2)";2435,54;
2013093;"Szepietowo (3)";2382,60;
2013102;"Wysokie Mazowieckie (2)";2960,28;
2014000;"Powiat zambrowski";2721,44;
2014011;"Zambrów (1)";2970,83;
2014022;"Kołaki Kościelne (2)";2699,46;
2014032;"Rutki (2)";2411,86;
2014042;"Szumowo (2)";2437,50;
2014052;"Zambrów (2)";2457,52;
2061000;"Powiat m.Białystok";4323,64;
2061011;"Białystok (1)";4323,64;
2062000;"Powiat m.Łomża";4523,67;
2062011;"Łomża (1)";4523,67;
2063000;"Powiat m.Suwałki";4106,82;
2063011;"Suwałki (1)";4106,82;
2200000;"POMORSKIE";3670,93;
2201000;"Powiat bytowski";3340,58;
2201012;"Borzytuchom (2)";4361,05;
2201023;"Bytów (3)";2905,27;
2201032;"Czarna Dąbrówka (2)";4118,40;
2201042;"Kołczygłowy (2)";3685,51;
2201052;"Lipnica (2)";4397,27;
2201063;"Miastko (3)";2715,83;
2201072;"Parchowo (2)";3808,05;
2201082;"Studzienice (2)";4331,21;
2201092;"Trzebielino (2)";3503,69;
2201102;"Tuchomie (2)";4138,35;
2202000;"Powiat chojnicki";2938,47;
2202011;"Chojnice (1)";2552,57;
2202023;"Brusy (3)";3574,16;
2202032;"Chojnice (2)";2973,10;
2202043;"Czersk (3)";3158,08;
2202052;"Konarzyny (2)";3540,89;
2203000;"Powiat człuchowski";3594,58;
2203011;"Człuchów (1)";2894,54;
2203023;"Czarne (3)";3154,00;
2203032;"Człuchów (2)";4199,82;
2203043;"Debrzno (3)";4129,57;
2203052;"Koczała (2)";3432,31;
2203062;"Przechlewo (2)";3129,28;
2203072;"Rzeczenica (2)";5337,86;
2204000;"Powiat gdański";3465,46;
2204011;"Pruszcz Gdański (1)";3882,93;
2204022;"Cedry Wielkie (2)";3518,78;
2204032;"Kolbudy (2)";3355,25;
2204042;"Pruszcz Gdański (2)";3365,48;
2204052;"Przywidz (2)";2915,60;
2204062;"Pszczółki (2)";3198,70;
2204072;"Suchy Dąb (2)";4173,24;
2204082;"Trąbki Wielkie (2)";2915,44;
2205000;"Powiat kartuski";3216,05;
2205012;"Chmielno (2)";3976,69;
2205023;"Kartuzy (3)";2863,43;
2205032;"Przodkowo (2)";3379,93;
2205042;"Sierakowice (2)";3784,09;
2205052;"Somonino (2)";3123,13;
2205062;"Stężyca (2)";3744,91;
2205072;"Sulęczyno (2)";3829,52;
2205083;"Żukowo (3)";2792,81;
2206000;"Powiat kościerski";3379,00;
2206011;"Kościerzyna (1)";3060,50;
2206022;"Dziemiany (2)";3320,89;
2206032;"Karsin (2)";3336,15;
2206042;"Kościerzyna (2)";3675,49;
2206052;"Liniewo (2)";3437,52;
2206062;"Lipusz (2)";4503,94;
2206072;"Nowa Karczma (2)";3324,23;
2206082;"Stara Kiszewa (2)";3337,28;
2207000;"Powiat kwidzyński";2909,30;
2207011;"Kwidzyn (1)";3016,71;
2207022;"Gardeja (2)";3018,30;
2207032;"Kwidzyn (2)";2708,01;
2207043;"Prabuty (3)";2886,64;
2207052;"Ryjewo (2)";2840,76;
2207062;"Sadlinki (2)";2538,88;
2208000;"Powiat lęborski";3349,12;
2208011;"Lębork (1)";2808,90;
2208021;"Łeba (1)";6311,06;
2208032;"Cewice (2)";3523,80;
2208042;"Nowa Wieś Lęborska (2)";3027,90;
2208052;"Wicko (2)";5161,81;
2209000;"Powiat malborski";2750,37;
2209011;"Malbork (1)";2421,66;
2209032;"Lichnowy (2)";3076,19;
2209042;"Malbork (2)";2814,66;
2209062;"Miłoradz (2)";3760,88;
2209073;"Nowy Staw (3)";3498,41;
2209082;"Stare Pole (2)";3099,83;
2210000;"Powiat nowodworski";4371,84;
2210011;"Krynica Morska (1)";24420,69;
2210023;"Nowy Dwór Gdański (3)";2870,11;
2210032;"Ostaszewo (2)";2490,93;
2210042;"Stegna (2)";3404,71;
2210052;"Sztutowo (2)";8753,76;
2211000;"Powiat pucki";3958,97;
2211011;"Hel (1)";4871,14;
2211021;"Jastarnia (1)";6431,87;
2211031;"Puck (1)";3698,24;
2211041;"Władysławowo (1)";3402,18;
2211052;"Kosakowo (2)";5597,38;
2211062;"Krokowa (2)";4343,20;
2211072;"Puck (2)";3007,97;
2212000;"Powiat słupski";3525,13;
2212011;"Ustka (1)";3187,85;
2212022;"Damnica (2)";3282,69;
2212032;"Dębnica Kaszubska (2)";3344,85;
2212042;"Główczyce (2)";3063,88;
2212053;"Kępice (3)";3317,96;
2212062;"Kobylnica (2)";4472,33;
2212072;"Potęgowo (2)";3624,97;
2212082;"Słupsk (2)";3885,78;
2212092;"Smołdzino (2)";3293,66;
2212102;"Ustka (2)";3479,79;
2213000;"Powiat starogardzki";2929,06;
2213011;"Czarna Woda (1)";2654,67;
2213021;"Skórcz (1)";3080,77;
2213031;"Starogard Gdański (1)";2798,56;
2213042;"Bobowo (2)";3130,63;
2213052;"Kaliska (2)";3544,97;
2213062;"Lubichowo (2)";3334,10;
2213072;"Osieczna (2)";3030,32;
2213082;"Osiek (2)";2846,81;
2213093;"Skarszewy (3)";2783,53;
2213102;"Skórcz (2)";3199,07;
2213112;"Smętowo Graniczne (2)";3140,74;
2213122;"Starogard Gdański (2)";2986,49;
2213132;"Zblewo (2)";2859,49;
2214000;"Powiat tczewski";2681,30;
2214011;"Tczew (1)";2633,13;
2214023;"Gniew (3)";2569,38;
2214032;"Morzeszczyn (2)";3480,97;
2214043;"Pelplin (3)";2458,65;
2214052;"Subkowy (2)";2938,92;
2214062;"Tczew (2)";2994,73;
2215000;"Powiat wejherowski";2848,70;
2215011;"Reda (1)";2180,79;
2215021;"Rumia (1)";2235,39;
2215031;"Wejherowo (1)";2613,24;
2215042;"Choczewo (2)";3368,68;
2215052;"Gniewino (2)";5376,63;
2215062;"Linia (2)";4296,45;
2215072;"Luzino (2)";3511,97;
2215082;"Łęczyce (2)";3079,82;
2215092;"Szemud (2)";3493,60;
2215102;"Wejherowo (2)";2999,76;
2216000;"Powiat sztumski";2998,54;
2216013;"Dzierzgoń (3)";3229,65;
2216022;"Mikołajki Pomorskie (2)";3400,13;
2216032;"Stary Dzierzgoń (2)";3038,15;
2216042;"Stary Targ (2)";2956,54;
2216053;"Sztum (3)";2803,84;
2261000;"Powiat m.Gdańsk";4520,28;
2261011;"Gdańsk (1)";4520,28;
2262000;"Powiat m.Gdynia";4127,00;
2262011;"Gdynia (1)";4127,00;
2263000;"Powiat m.Słupsk";4355,09;
2263011;"Słupsk (1)";4355,09;
2264000;"Powiat m.Sopot";7245,70;
2264011;"Sopot (1)";7245,70;
2400000;"ŚLĄSKIE";3420,73;
2401000;"Powiat będziński";2757,59;
2401011;"Będzin (1)";2726,04;
2401021;"Czeladź (1)";2891,78;
2401031;"Wojkowice (1)";2362,76;
2401042;"Bobrowniki (2)";2415,86;
2401052;"Mierzęcice (2)";2380,34;
2401062;"Psary (2)";2378,51;
2401073;"Siewierz (3)";3252,81;
2401081;"Sławków (1)";3629,45;
2402000;"Powiat bielski";2938,47;
2402011;"Szczyrk (1)";4889,33;
2402022;"Bestwina (2)";2856,00;
2402032;"Buczkowice (2)";3829,40;
2402043;"Czechowice-Dziedzice (3)";2676,23;
2402052;"Jasienica (2)";2596,92;
2402062;"Jaworze (2)";4970,06;
2402072;"Kozy (2)";2619,76;
2402082;"Porąbka (2)";2588,15;
2402093;"Wilamowice (3)";2534,65;
2402102;"Wilkowice (2)";3012,57;
2403000;"Powiat cieszyński";2990,97;
2403011;"Cieszyn (1)";3504,17;
2403021;"Ustroń (1)";3570,56;
2403031;"Wisła (1)";4029,88;
2403042;"Brenna (2)";2908,41;
2403052;"Chybie (2)";2812,19;
2403062;"Dębowiec (2)";2622,75;
2403072;"Goleszów (2)";2167,22;
2403082;"Hażlach (2)";2357,03;
2403092;"Istebna (2)";3191,44;
2403103;"Skoczów (3)";2482,19;
2403113;"Strumień (3)";2843,43;
2403122;"Zebrzydowice (2)";2610,75;
2404000;"Powiat częstochowski";2884,77;
2404013;"Blachownia (3)";2554,94;
2404022;"Dąbrowa Zielona (2)";4477,14;
2404032;"Janów (2)";2611,89;
2404042;"Kamienica Polska (2)";2707,76;
2404052;"Kłomnice (2)";2996,15;
2404063;"Koniecpol (3)";2540,15;
2404072;"Konopiska (2)";3220,87;
2404082;"Kruszyna (2)";3119,30;
2404092;"Lelów (2)";3478,14;
2404102;"Mstów (2)";2845,67;
2404112;"Mykanów (2)";2429,34;
2404122;"Olsztyn (2)";3442,96;
2404132;"Poczesna (2)";3154,44;
2404142;"Przyrów (2)";2713,25;
2404152;"Rędziny (2)";2430,93;
2404162;"Starcza (2)";2740,20;
2405000;"Powiat gliwicki";2753,58;
2405011;"Knurów (1)";2432,31;
2405021;"Pyskowice (1)";2598,26;
2405032;"Gierałtowice (2)";3526,43;
2405042;"Pilchowice (2)";2393,28;
2405052;"Rudziniec (2)";2685,26;
2405063;"Sośnicowice (3)";3350,43;
2405073;"Toszek (3)";2719,31;
2405082;"Wielowieś (2)";3931,35;
2406000;"Powiat kłobucki";2813,48;
2406013;"Kłobuck (3)";3161,77;
2406023;"Krzepice (3)";2283,17;
2406032;"Lipie (2)";2885,28;
2406042;"Miedźno (2)";2699,17;
2406052;"Opatów (2)";2471,05;
2406062;"Panki (2)";3088,12;
2406072;"Popów (2)";2931,86;
2406082;"Przystajń (2)";2636,75;
2406092;"Wręczyca Wielka (2)";2783,50;
2407000;"Powiat lubliniecki";2865,96;
2407011;"Lubliniec (1)";2436,49;
2407022;"Boronów (2)";4008,06;
2407032;"Ciasna (2)";4082,86;
2407042;"Herby (2)";3060,02;
2407052;"Kochanowice (2)";2835,34;
2407062;"Koszęcin (2)";2395,40;
2407072;"Pawonków (2)";2779,42;
2407083;"Woźniki (3)";3085,29;
2408000;"Powiat mikołowski";3138,22;
2408011;"Łaziska Górne (1)";3123,04;
2408021;"Mikołów (1)";3506,40;
2408031;"Orzesze (1)";2252,24;
2408042;"Ornontowice (2)";3942,21;
2408052;"Wyry (2)";2931,12;
2409000;"Powiat myszkowski";2605,20;
2409011;"Myszków (1)";2251,00;
2409023;"Koziegłowy (3)";2665,67;
2409032;"Niegowa (2)";3165,25;
2409042;"Poraj (2)";2417,66;
2409053;"Żarki (3)";3757,15;
2410000;"Powiat pszczyński";3265,82;
2410012;"Goczałkowice-Zdrój (2)";4080,47;
2410022;"Kobiór (2)";3428,88;
2410032;"Miedźna (2)";3040,40;
2410042;"Pawłowice (2)";4683,90;
2410053;"Pszczyna (3)";2554,15;
2410062;"Suszec (2)";3978,55;
2411000;"Powiat raciborski";2568,16;
2411011;"Racibórz (1)";2540,04;
2411022;"Kornowac (2)";2320,92;
2411033;"Krzanowice (3)";2575,85;
2411042;"Krzyżanowice (2)";2546,84;
2411053;"Kuźnia Raciborska (3)";2598,56;
2411062;"Nędza (2)";2411,01;
2411072;"Pietrowice Wielkie (2)";2523,39;
2411082;"Rudnik (2)";3359,23;
2412000;"Powiat rybnicki";2466,15;
2412013;"Czerwionka-Leszczyny (3)";2375,22;
2412022;"Gaszowice (2)";2294,24;
2412032;"Jejkowice (2)";2661,06;
2412042;"Lyski (2)";2485,65;
2412052;"Świerklany (2)";2844,61;
2413000;"Powiat tarnogórski";2797,20;
2413011;"Kalety (1)";2422,01;
2413021;"Miasteczko Śląskie (1)";3042,38;
2413031;"Radzionków (1)";2854,73;
2413041;"Tarnowskie Góry (1)";2731,61;
2413052;"Krupski Młyn (2)";4160,35;
2413062;"Ożarowice (2)";4022,77;
2413072;"Świerklaniec (2)";2823,27;
2413082;"Tworóg (2)";2760,01;
2413092;"Zbrosławice (2)";2352,32;
2414000;"Powiat bieruńsko-lędziński";3477,16;
2414011;"Bieruń (1)";4299,86;
2414021;"Imielin (1)";3114,02;
2414031;"Lędziny (1)";2548,43;
2414042;"Bojszowy (2)";3075,34;
2414052;"Chełm Śląski (2)";4287,29;
2415000;"Powiat wodzisławski";2609,00;
2415011;"Pszów (1)";2285,50;
2415021;"Radlin (1)";2735,81;
2415031;"Rydułtowy (1)";2353,65;
2415041;"Wodzisław Śląski (1)";2648,61;
2415052;"Godów (2)";2487,07;
2415062;"Gorzyce (2)";2572,89;
2415072;"Lubomia (2)";2597,53;
2415082;"Marklowice (2)";3738,71;
2415092;"Mszana (2)";2934,40;
2416000;"Powiat zawierciański";2482,51;
2416011;"Poręba (1)";1966,83;
2416021;"Zawiercie (1)";2371,81;
2416032;"Irządze (2)";2534,12;
2416042;"Kroczyce (2)";3088,23;
2416053;"Łazy (3)";2514,64;
2416063;"Ogrodzieniec (3)";2445,64;
2416073;"Pilica (3)";2605,43;
2416083;"Szczekociny (3)";2792,35;
2416092;"Włodowice (2)";2456,50;
2416102;"Żarnowiec (2)";3042,89;
2417000;"Powiat żywiecki";2986,63;
2417011;"Żywiec (1)";2716,14;
2417022;"Czernichów (2)";4677,67;
2417032;"Gilowice (2)";2601,87;
2417042;"Jeleśnia (2)";2774,26;
2417052;"Koszarawa (2)";4320,92;
2417062;"Lipowa (2)";2401,79;
2417072;"Łękawica (2)";4284,91;
2417082;"Łodygowice (2)";2814,58;
2417092;"Milówka (2)";3303,07;
2417102;"Radziechowy-Wieprz (2)";2601,74;
2417112;"Rajcza (2)";2777,90;
2417122;"Ślemień (2)";4928,41;
2417132;"Świnna (2)";2838,10;
2417142;"Ujsoły (2)";3774,39;
2417152;"Węgierska Górka (2)";2738,06;
2461000;"Powiat m.Bielsko-Biała";4029,91;
2461011;"Bielsko-Biała (1)";4029,91;
2462000;"Powiat m.Bytom";3858,40;
2462011;"Bytom (1)";3858,40;
2463000;"Powiat m.Chorzów";3604,03;
2463011;"Chorzów (1)";3604,03;
2464000;"Powiat m.Częstochowa";3891,56;
2464011;"Częstochowa (1)";3891,56;
2465000;"Powiat m.Dąbrowa Górnicza";4452,61;
2465011;"Dąbrowa Górnicza (1)";4452,61;
2466000;"Powiat m.Gliwice";4249,20;
2466011;"Gliwice (1)";4249,20;
2467000;"Powiat m.Jastrzębie-Zdrój";4010,90;
2467011;"Jastrzębie-Zdrój (1)";4010,90;
2468000;"Powiat m.Jaworzno";4294,78;
2468011;"Jaworzno (1)";4294,78;
2469000;"Powiat m.Katowice";4382,39;
2469011;"Katowice (1)";4382,39;
2470000;"Powiat m.Mysłowice";3070,25;
2470011;"Mysłowice (1)";3070,25;
2471000;"Powiat m.Piekary Śląskie";2812,27;
2471011;"Piekary Śląskie (1)";2812,27;
2472000;"Powiat m.Ruda Śląska";3544,49;
2472011;"Ruda Śląska (1)";3544,49;
2473000;"Powiat m.Rybnik";4493,98;
2473011;"Rybnik (1)";4493,98;
2474000;"Powiat m.Siemianowice Śląskie";3209,22;
2474011;"Siemianowice Śląskie (1)";3209,22;
2475000;"Powiat m.Sosnowiec";2955,52;
2475011;"Sosnowiec (1)";2955,52;
2476000;"Powiat m.Świętochłowice";2837,55;
2476011;"Świętochłowice (1)";2837,55;
2477000;"Powiat m.Tychy";4490,73;
2477011;"Tychy (1)";4490,73;
2478000;"Powiat m.Zabrze";3506,02;
2478011;"Zabrze (1)";3506,02;
2479000;"Powiat m.Żory";3544,50;
2479011;"Żory (1)";3544,50;
2600000;"ŚWIĘTOKRZYSKIE";3229,19;
2601000;"Powiat buski";3112,92;
2601013;"Busko-Zdrój (3)";2760,61;
2601022;"Gnojno (2)";2897,88;
2601032;"Nowy Korczyn (2)";2925,87;
2601042;"Pacanów (2)";2571,52;
2601052;"Solec-Zdrój (2)";5705,70;
2601062;"Stopnica (2)";3635,81;
2601072;"Tuczępy (2)";3229,19;
2601082;"Wiślica (2)";3142,55;
2602000;"Powiat jędrzejowski";2722,49;
2602012;"Imielno (2)";2928,27;
2602023;"Jędrzejów (3)";2531,79;
2602033;"Małogoszcz (3)";2912,30;
2602042;"Nagłowice (2)";2610,12;
2602052;"Oksa (2)";3090,40;
2602063;"Sędziszów (3)";2746,40;
2602072;"Słupia (2)";2817,10;
2602082;"Sobków (2)";2787,28;
2602092;"Wodzisław (2)";2714,47;
2603000;"Powiat kazimierski";2315,29;
2603012;"Bejsce (2)";2285,73;
2603022;"Czarnocin (2)";2466,70;
2603033;"Kazimierza Wielka (3)";2081,72;
2603042;"Opatowiec (2)";2335,73;
2603053;"Skalbmierz (3)";2809,22;
2604000;"Powiat kielecki";3141,56;
2604012;"Bieliny (2)";3202,77;
2604023;"Bodzentyn (3)";2717,52;
2604033;"Chęciny (3)";2511,62;
2604043;"Chmielnik (3)";4016,10;
2604053;"Daleszyce (3)";2919,15;
2604062;"Górno (2)";2641,02;
2604072;"Łagów (2)";3678,60;
2604082;"Łopuszno (2)";2687,30;
2604092;"Masłów (2)";2558,73;
2604102;"Miedziana Góra (2)";2903,45;
2604112;"Mniów (2)";3221,93;
2604122;"Morawica (2)";3877,49;
2604132;"Nowa Słupia (2)";3037,06;
2604142;"Piekoszów (2)";3029,21;
2604152;"Pierzchnica (2)";3511,87;
2604162;"Raków (2)";3440,78;
2604172;"Sitkówka-Nowiny (2)";5132,11;
2604182;"Strawczyn (2)";3358,41;
2604192;"Zagnańsk (2)";2641,55;
2605000;"Powiat konecki";2671,07;
2605012;"Fałków (2)";3329,69;
2605022;"Gowarczów (2)";3080,70;
2605033;"Końskie (3)";2472,33;
2605042;"Radoszyce (2)";2701,72;
2605052;"Ruda Maleniecka (2)";3140,60;
2605062;"Słupia Konecka (2)";2636,06;
2605072;"Smyków (2)";3701,02;
2605083;"Stąporków (3)";2488,64;
2606000;"Powiat opatowski";2907,00;
2606012;"Baćkowice (2)";3694,93;
2606022;"Iwaniska (2)";2990,53;
2606032;"Lipnik (2)";3085,91;
2606043;"Opatów (3)";2099,66;
2606053;"Ożarów (3)";3916,95;
2606062;"Sadowie (2)";2171,96;
2606072;"Tarłów (2)";2635,10;
2606082;"Wojciechowice (2)";2358,41;
2607000;"Powiat ostrowiecki";2664,24;
2607011;"Ostrowiec Świętokrzyski (1)";2564,51;
2607022;"Bałtów (2)";4454,08;
2607032;"Bodzechów (2)";2563,20;
2607043;"Ćmielów (3)";2670,83;
2607053;"Kunów (3)";2933,97;
2607062;"Waśniów (2)";2539,40;
2608000;"Powiat pińczowski";2989,24;
2608013;"Działoszyce (3)";3202,18;
2608022;"Kije (2)";3696,05;
2608032;"Michałów (2)";3279,87;
2608043;"Pińczów (3)";2735,86;
2608052;"Złota (2)";2943,91;
2609000;"Powiat sandomierski";3153,72;
2609011;"Sandomierz (1)";3793,31;
2609022;"Dwikozy (2)";2963,17;
2609032;"Klimontów (2)";2757,05;
2609043;"Koprzywnica (3)";2981,54;
2609052;"Łoniów (2)";3006,87;
2609062;"Obrazów (2)";2753,91;
2609072;"Samborzec (2)";2612,05;
2609082;"Wilczyce (2)";2964,63;
2609093;"Zawichost (3)";3090,83;
2610000;"Powiat skarżyski";2599,52;
2610011;"Skarżysko-Kamienna (1)";2566,49;
2610022;"Bliżyn (2)";3104,49;
2610032;"Łączna (2)";2835,57;
2610042;"Skarżysko Kościelne (2)";2607,53;
2610053;"Suchedniów (3)";2225,32;
2611000;"Powiat starachowicki";2547,60;
2611011;"Starachowice (1)";2473,08;
2611022;"Brody (2)";2647,25;
2611032;"Mirzec (2)";2823,10;
2611042;"Pawłów (2)";2654,60;
2611053;"Wąchock (3)";2382,39;
2612000;"Powiat staszowski";3403,81;
2612012;"Bogoria (2)";4177,50;
2612022;"Łubnice (2)";3685,12;
2612032;"Oleśnica (2)";3451,65;
2612043;"Osiek (3)";3250,60;
2612053;"Połaniec (3)";5181,56;
2612062;"Rytwiany (2)";2900,31;
2612073;"Staszów (3)";2582,14;
2612082;"Szydłów (2)";2864,16;
2613000;"Powiat włoszczowski";2700,61;
2613012;"Kluczewsko (2)";2608,07;
2613022;"Krasocin (2)";2716,83;
2613032;"Moskorzew (2)";2988,29;
2613042;"Radków (2)";2846,03;
2613052;"Secemin (2)";3194,12;
2613063;"Włoszczowa (3)";2536,57;
2661000;"Powiat m.Kielce";5094,17;
2661011;"Kielce (1)";5094,17;
2800000;"WARMIŃSKO-MAZURSKIE";3316,79;
2801000;"Powiat bartoszycki";2949,89;
2801011;"Bartoszyce (1)";2665,65;
2801021;"Górowo Iławeckie (1)";4136,31;
2801032;"Bartoszyce (2)";2927,07;
2801043;"Bisztynek (3)";2925,34;
2801052;"Górowo Iławeckie (2)";3222,60;
2801063;"Sępopol (3)";2995,18;
2802000;"Powiat braniewski";3361,20;
2802011;"Braniewo (1)";2632,79;
2802022;"Braniewo (2)";3719,41;
2802033;"Frombork (3)";5472,26;
2802042;"Lelkowo (2)";3503,99;
2802053;"Pieniężno (3)";3170,74;
2802062;"Płoskinia (2)";4381,13;
2802072;"Wilczęta (2)";3630,54;
2803000;"Powiat działdowski";2669,76;
2803011;"Działdowo (1)";2354,69;
2803022;"Działdowo (2)";2799,50;
2803032;"Iłowo-Osada (2)";3168,54;
2803043;"Lidzbark (3)";2629,79;
2803052;"Płośnica (2)";2618,91;
2803062;"Rybno (2)";3044,19;
2804000;"Powiat elbląski";3428,70;
2804012;"Elbląg (2)";3222,87;
2804022;"Godkowo (2)";3537,01;
2804032;"Gronowo Elbląskie (2)";2955,38;
2804042;"Markusy (2)";3226,88;
2804052;"Milejewo (2)";3256,98;
2804063;"Młynary (3)";3361,40;
2804073;"Pasłęk (3)";3012,23;
2804082;"Rychliki (2)";3141,28;
2804093;"Tolkmicko (3)";5570,15;
2805000;"Powiat ełcki";2863,37;
2805011;"Ełk (1)";2676,88;
2805022;"Ełk (2)";3021,98;
2805032;"Kalinowo (2)";3419,40;
2805042;"Prostki (2)";3289,84;
2805052;"Stare Juchy (2)";3400,28;
2806000;"Powiat giżycki";3047,35;
2806011;"Giżycko (1)";2484,86;
2806042;"Giżycko (2)";3764,69;
2806052;"Kruklanki (2)";3072,97;
2806062;"Miłki (2)";3104,49;
2806083;"Ryn (3)";4169,08;
2806102;"Wydminy (2)";3695,96;
2807000;"Powiat iławski";3168,81;
2807011;"Iława (1)";3300,77;
2807021;"Lubawa (1)";3046,48;
2807032;"Iława (2)";3204,40;
2807043;"Kisielice (3)";3240,70;
2807052;"Lubawa (2)";2944,32;
2807063;"Susz (3)";3170,34;
2807073;"Zalewo (3)";2927,78;
2808000;"Powiat kętrzyński";2684,50;
2808011;"Kętrzyn (1)";2305,80;
2808022;"Barciany (2)";3178,93;
2808032;"Kętrzyn (2)";2959,98;
2808043;"Korsze (3)";3058,70;
2808053;"Reszel (3)";2492,52;
2808062;"Srokowo (2)";3341,62;
2809000;"Powiat lidzbarski";3114,78;
2809011;"Lidzbark Warmiński (1)";3347,94;
2809022;"Kiwity (2)";3051,26;
2809032;"Lidzbark Warmiński (2)";2963,22;
2809042;"Lubomino (2)";3382,85;
2809053;"Orneta (3)";2828,91;
2810000;"Powiat mrągowski";3027,53;
2810011;"Mrągowo (1)";2831,16;
2810023;"Mikołajki (3)";3829,32;
2810032;"Mrągowo (2)";2541,59;
2810042;"Piecki (2)";3278,85;
2810052;"Sorkwity (2)";2891,99;
2811000;"Powiat nidzicki";2855,35;
2811012;"Janowiec Kościelny (2)";3624,83;
2811022;"Janowo (2)";2885,24;
2811032;"Kozłowo (2)";3145,82;
2811043;"Nidzica (3)";2645,32;
2812000;"Powiat nowomiejski";3399,13;
2812011;"Nowe Miasto Lubawskie (1)";2798,37;
2812022;"Biskupiec (2)";4229,13;
2812032;"Grodziczno (2)";3449,58;
2812042;"Kurzętnik (2)";3485,79;
2812052;"Nowe Miasto Lubawskie (2)";3101,82;
2813000;"Powiat olecki";3533,86;
2813032;"Kowale Oleckie (2)";3691,74;
2813043;"Olecko (3)";3500,02;
2813052;"Świętajno (2)";3606,06;
2813062;"Wieliczki (2)";3420,15;
2814000;"Powiat olsztyński";2946,79;
2814013;"Barczewo (3)";2868,31;
2814023;"Biskupiec (3)";2774,56;
2814033;"Dobre Miasto (3)";2559,96;
2814042;"Dywity (2)";3046,93;
2814052;"Gietrzwałd (2)";2857,48;
2814063;"Jeziorany (3)";2785,93;
2814072;"Jonkowo (2)";3148,20;
2814082;"Kolno (2)";3363,91;
2814093;"Olsztynek (3)";2904,73;
2814102;"Purda (2)";3122,31;
2814112;"Stawiguda (2)";4174,06;
2814122;"Świątki (2)";2957,18;
2815000;"Powiat ostródzki";3212,38;
2815011;"Ostróda (1)";3290,51;
2815022;"Dąbrówno (2)";3689,60;
2815032;"Grunwald (2)";3989,47;
2815042;"Łukta (2)";3500,11;
2815052;"Małdyty (2)";2953,95;
2815063;"Miłakowo (3)";2779,20;
2815073;"Miłomłyn (3)";3192,02;
2815083;"Morąg (3)";3034,75;
2815092;"Ostróda (2)";3094,27;
2816000;"Powiat piski";3117,77;
2816013;"Biała Piska (3)";3484,27;
2816023;"Orzysz (3)";2957,79;
2816033;"Pisz (3)";2898,37;
2816043;"Ruciane-Nida (3)";3483,68;
2817000;"Powiat szczycieński";3274,66;
2817011;"Szczytno (1)";2665,36;
2817022;"Dźwierzuty (2)";3498,08;
2817032;"Jedwabno (2)";3181,90;
2817043;"Pasym (3)";3959,61;
2817052;"Rozogi (2)";4257,01;
2817062;"Szczytno (2)";2597,90;
2817072;"Świętajno (2)";4545,81;
2817082;"Wielbark (2)";4025,96;
2818000;"Powiat gołdapski";3442,29;
2818012;"Banie Mazurskie (2)";3067,86;
2818022;"Dubeninki (2)";3232,96;
2818033;"Gołdap (3)";3546,46;
2819000;"Powiat węgorzewski";2742,89;
2819012;"Budry (2)";3203,10;
2819022;"Pozezdrze (2)";3244,54;
2819033;"Węgorzewo (3)";2563,61;
2861000;"Powiat m.Elbląg";3890,32;
2861011;"Elbląg (1)";3890,32;
2862000;"Powiat m.Olsztyn";4493,18;
2862011;"Olsztyn (1)";4493,18;
3000000;"WIELKOPOLSKIE";3184,53;
3001000;"Powiat chodzieski";2890,06;
3001011;"Chodzież (1)";2336,45;
3001022;"Budzyń (2)";3132,43;
3001032;"Chodzież (2)";3045,96;
3001043;"Margonin (3)";4101,81;
3001053;"Szamocin (3)";2917,42;
3002000;"Powiat czarnkowsko-trzcianecki";3009,92;
3002011;"Czarnków (1)";3023,36;
3002022;"Czarnków (2)";2605,70;
3002032;"Drawsko (2)";2996,10;
3002043;"Krzyż Wielkopolski (3)";2386,32;
3002052;"Lubasz (2)";3687,69;
3002062;"Połajewo (2)";3030,61;
3002073;"Trzcianka (3)";2518,76;
3002083;"Wieleń (3)";4328,34;
3003000;"Powiat gnieźnieński";2468,11;
3003011;"Gniezno (1)";2284,25;
3003023;"Czerniejewo (3)";2873,66;
3003032;"Gniezno (2)";2535,27;
3003042;"Kiszkowo (2)";3259,49;
3003053;"Kłecko (3)";2478,47;
3003062;"Łubowo (2)";3235,11;
3003072;"Mieleszyn (2)";2662,15;
3003082;"Niechanowo (2)";3059,17;
3003093;"Trzemeszno (3)";2145,85;
3003103;"Witkowo (3)";2539,88;
3004000;"Powiat gostyński";2763,74;
3004013;"Borek Wielkopolski (3)";3242,58;
3004023;"Gostyń (3)";2795,42;
3004033;"Krobia (3)";2471,09;
3004042;"Pępowo (2)";2882,26;
3004052;"Piaski (2)";2908,51;
3004063;"Pogorzela (3)";2728,80;
3004073;"Poniec (3)";2449,17;
3005000;"Powiat grodziski";2897,65;
3005012;"Granowo (2)";2694,80;
3005023;"Grodzisk Wielkopolski (3)";3059,20;
3005032;"Kamieniec (2)";2827,74;
3005043;"Rakoniewice (3)";2730,03;
3005053;"Wielichowo (3)";2973,40;
3006000;"Powiat jarociński";2577,28;
3006012;"Jaraczewo (2)";2823,79;
3006023;"Jarocin (3)";2308,85;
3006032;"Kotlin (2)";2980,56;
3006043;"Żerków (3)";3261,28;
3007000;"Powiat kaliski";2665,76;
3007012;"Blizanów (2)";2761,98;
3007022;"Brzeziny (2)";2608,87;
3007032;"Ceków-Kolonia (2)";2795,76;
3007042;"Godziesze Wielkie (2)";2408,76;
3007052;"Koźminek (2)";2353,08;
3007062;"Lisków (2)";2756,55;
3007072;"Mycielin (2)";2522,20;
3007082;"Opatówek (2)";2873,73;
3007093;"Stawiszyn (3)";3514,72;
3007102;"Szczytniki (2)";2657,16;
3007112;"Żelazków (2)";2156,06;
3008000;"Powiat kępiński";2842,55;
3008012;"Baranów (2)";3183,61;
3008022;"Bralin (2)";2977,97;
3008033;"Kępno (3)";2533,46;
3008042;"Łęka Opatowska (2)";3332,93;
3008052;"Perzów (2)";3412,98;
3008062;"Rychtal (2)";2938,47;
3008072;"Trzcinica (2)";2645,62;
3009000;"Powiat kolski";2757,07;
3009011;"Koło (1)";2929,53;
3009022;"Babiak (2)";3373,18;
3009032;"Chodów (2)";2700,21;
3009043;"Dąbie (3)";2644,63;
3009052;"Grzegorzew (2)";2609,62;
3009063;"Kłodawa (3)";2193,64;
3009072;"Koło (2)";2545,29;
3009082;"Kościelec (2)";2416,49;
3009092;"Olszówka (2)";2807,46;
3009102;"Osiek Mały (2)";3377,19;
3009113;"Przedecz (3)";2811,74;
3010000;"Powiat koniński";3134,53;
3010013;"Golina (3)";2608,73;
3010022;"Grodziec (2)";3677,73;
3010032;"Kazimierz Biskupi (2)";3028,75;
3010043;"Kleczew (3)";4877,73;
3010052;"Kramsk (2)";2993,96;
3010062;"Krzymów (2)";3624,45;
3010073;"Rychwał (3)";3031,68;
3010082;"Rzgów (2)";2523,49;
3010092;"Skulsk (2)";2706,56;
3010103;"Sompolno (3)";2645,87;
3010112;"Stare Miasto (2)";2684,46;
3010123;"Ślesin (3)";3080,01;
3010132;"Wierzbinek (2)";3093,50;
3010142;"Wilczyn (2)";3771,65;
3011000;"Powiat kościański";2857,52;
3011011;"Kościan (1)";2643,27;
3011023;"Czempiń (3)";2360,95;
3011032;"Kościan (2)";2807,14;
3011043;"Krzywiń (3)";2886,70;
3011053;"Śmigiel (3)";3500,53;
3012000;"Powiat krotoszyński";2582,32;
3012011;"Sulmierzyce (1)";4526,82;
3012023;"Kobylin (3)";2474,53;
3012033;"Koźmin Wielkopolski (3)";2172,67;
3012043;"Krotoszyn (3)";2549,20;
3012052;"Rozdrażew (2)";2663,61;
3012063;"Zduny (3)";2830,19;
3013000;"Powiat leszczyński";2908,23;
3013012;"Krzemieniewo (2)";2447,38;
3013022;"Lipno (2)";2836,61;
3013033;"Osieczna (3)";3454,02;
3013043;"Rydzyna (3)";2695,46;
3013052;"Święciechowa (2)";2480,27;
3013062;"Wijewo (2)";2924,84;
3013072;"Włoszakowice (2)";3406,25;
3014000;"Powiat międzychodzki";2770,59;
3014012;"Chrzypsko Wielkie (2)";3295,73;
3014022;"Kwilcz (2)";2619,86;
3014033;"Międzychód (3)";2863,94;
3014043;"Sieraków (3)";2478,63;
3015000;"Powiat nowotomyski";2864,25;
3015012;"Kuślin (2)";3165,36;
3015023;"Lwówek (3)";3348,53;
3015032;"Miedzichowo (2)";3112,40;
3015043;"Nowy Tomyśl (3)";2614,41;
3015053;"Opalenica (3)";3215,71;
3015063;"Zbąszyń (3)";2387,85;
3016000;"Powiat obornicki";2569,58;
3016013;"Oborniki (3)";2601,83;
3016023;"Rogoźno (3)";2404,39;
3016032;"Ryczywół (2)";2832,14;
3017000;"Powiat ostrowski";2491,00;
3017011;"Ostrów Wielkopolski (1)";2323,49;
3017023;"Nowe Skalmierzyce (3)";2736,92;
3017033;"Odolanów (3)";2639,85;
3017042;"Ostrów Wielkopolski (2)";2499,97;
3017052;"Przygodzice (2)";2410,01;
3017063;"Raszków (3)";2378,13;
3017072;"Sieroszewice (2)";2969,10;
3017082;"Sośnie (2)";3075,15;
3018000;"Powiat ostrzeszowski";2708,25;
3018012;"Czajków (2)";3883,27;
3018022;"Doruchów (2)";3097,55;
3018033;"Grabów nad Prosną (3)";2701,97;
3018042;"Kobyla Góra (2)";2749,57;
3018052;"Kraszewice (2)";3543,78;
3018063;"Mikstat (3)";2684,24;
3018073;"Ostrzeszów (3)";2367,95;
3019000;"Powiat pilski";2869,87;
3019011;"Piła (1)";2799,42;
3019022;"Białośliwie (2)";3224,14;
3019032;"Kaczory (2)";2424,42;
3019043;"Łobżenica (3)";3055,85;
3019052;"Miasteczko Krajeńskie (2)";4988,12;
3019062;"Szydłowo (2)";2796,46;
3019073;"Ujście (3)";3070,12;
3019083;"Wyrzysk (3)";2708,83;
3019093;"Wysoka (3)";2797,86;
3020000;"Powiat pleszewski";2595,44;
3020012;"Chocz (2)";3113,04;
3020022;"Czermin (2)";2787,10;
3020032;"Dobrzyca (2)";2852,78;
3020042;"Gizałki (2)";3251,95;
3020052;"Gołuchów (2)";2682,34;
3020063;"Pleszew (3)";2281,26;
3021000;"Powiat poznański";3181,97;
3021011;"Luboń (1)";2136,65;
3021021;"Puszczykowo (1)";2939,93;
3021033;"Buk (3)";3338,42;
3021042;"Czerwonak (2)";2889,29;
3021052;"Dopiewo (2)";3026,00;
3021062;"Kleszczewo (2)";3091,61;
3021072;"Komorniki (2)";3548,91;
3021083;"Kostrzyn (3)";2179,26;
3021093;"Kórnik (3)";3952,76;
3021103;"Mosina (3)";2740,96;
3021113;"Murowana Goślina (3)";2643,37;
3021123;"Pobiedziska (3)";2871,57;
3021132;"Rokietnica (2)";2508,59;
3021143;"Stęszew (3)";2439,02;
3021152;"Suchy Las (2)";5987,63;
3021163;"Swarzędz (3)";2978,92;
3021172;"Tarnowo Podgórne (2)";5434,36;
3022000;"Powiat rawicki";2850,02;
3022013;"Bojanowo (3)";2890,57;
3022023;"Jutrosin (3)";3218,53;
3022033;"Miejska Górka (3)";3612,04;
3022042;"Pakosław (2)";3234,75;
3022053;"Rawicz (3)";2453,39;
3023000;"Powiat słupecki";2747,70;
3023011;"Słupca (1)";2180,34;
3023022;"Lądek (2)";2595,90;
3023032;"Orchowo (2)";3225,48;
3023042;"Ostrowite (2)";3074,67;
3023052;"Powidz (2)";5579,73;
3023062;"Słupca (2)";2207,33;
3023072;"Strzałkowo (2)";3152,86;
3023083;"Zagórów (3)";2761,19;
3024000;"Powiat szamotulski";2664,00;
3024011;"Obrzycko (1)";3299,80;
3024022;"Duszniki (2)";2540,87;
3024032;"Kaźmierz (2)";2602,39;
3024042;"Obrzycko (2)";2771,16;
3024053;"Ostroróg (3)";2529,83;
3024063;"Pniewy (3)";3747,47;
3024073;"Szamotuły (3)";2380,05;
3024083;"Wronki (3)";2404,89;
3025000;"Powiat średzki";2692,17;
3025012;"Dominowo (2)";2767,95;
3025022;"Krzykosy (2)";2566,96;
3025032;"Nowe Miasto nad Wartą (2)";2889,71;
3025043;"Środa Wielkopolska (3)";2656,99;
3025052;"Zaniemyśl (2)";2677,29;
3026000;"Powiat śremski";2597,95;
3026012;"Brodnica (2)";2761,54;
3026023;"Dolsk (3)";2943,64;
3026033;"Książ Wielkopolski (3)";2917,78;
3026043;"Śrem (3)";2462,43;
3027000;"Powiat turecki";3360,13;
3027011;"Turek (1)";3418,65;
3027022;"Brudzew (2)";4155,71;
3027033;"Dobra (3)";2683,34;
3027042;"Kawęczyn (2)";2623,05;
3027052;"Malanów (2)";3741,28;
3027062;"Przykona (2)";7200,99;
3027073;"Tuliszków (3)";2777,06;
3027082;"Turek (2)";2604,32;
3027092;"Władysławów (2)";2766,17;
3028000;"Powiat wągrowiecki";2896,19;
3028011;"Wągrowiec (1)";2273,53;
3028022;"Damasławek (2)";3551,71;
3028033;"Gołańcz (3)";2792,05;
3028042;"Mieścisko (2)";3406,38;
3028053;"Skoki (3)";3126,25;
3028062;"Wapno (2)";5119,33;
3028072;"Wągrowiec (2)";2970,45;
3029000;"Powiat wolsztyński";2724,43;
3029012;"Przemęt (2)";3123,90;
3029022;"Siedlec (2)";2804,85;
3029033;"Wolsztyn (3)";2509,63;
3030000;"Powiat wrzesiński";2655,34;
3030012;"Kołaczkowo (2)";2643,79;
3030023;"Miłosław (3)";3421,90;
3030033;"Nekla (3)";2750,76;
3030043;"Pyzdry (3)";2985,67;
3030053;"Września (3)";2412,56;
3031000;"Powiat złotowski";2799,81;
3031011;"Złotów (1)";2404,78;
3031023;"Jastrowie (3)";2602,26;
3031033;"Krajenka (3)";3165,41;
3031042;"Lipka (2)";2970,84;
3031053;"Okonek (3)";3106,94;
3031062;"Tarnówka (2)";2636,61;
3031072;"Zakrzewo (2)";3340,85;
3031082;"Złotów (2)";2917,64;
3061000;"Powiat m.Kalisz";3874,08;
3061011;"Kalisz (1)";3874,08;
3062000;"Powiat m.Konin";4679,16;
3062011;"Konin (1)";4679,16;
3063000;"Powiat m.Leszno";4251,18;
3063011;"Leszno (1)";4251,18;
3064000;"Powiat m.Poznań";4459,07;
3064011;"Poznań (1)";4459,07;
3200000;"ZACHODNIOPOMORSKIE";3305,90;
3201000;"Powiat białogardzki";3056,77;
3201011;"Białogard (1)";2420,26;
3201022;"Białogard (2)";2931,14;
3201033;"Karlino (3)";4720,86;
3201043;"Tychowo (3)";3221,29;
3202000;"Powiat choszczeński";2771,38;
3202012;"Bierzwnik (2)";2677,08;
3202023;"Choszczno (3)";2410,11;
3202033;"Drawno (3)";2739,58;
3202042;"Krzęcin (2)";3380,44;
3202053;"Pełczyce (3)";3111,66;
3202063;"Recz (3)";3398,68;
3203000;"Powiat drawski";3394,20;
3203013;"Czaplinek (3)";2805,08;
3203023;"Drawsko Pomorskie (3)";3305,29;
3203033;"Kalisz Pomorski (3)";5332,24;
3203042;"Ostrowice (2)";6159,83;
3203052;"Wierzchowo (2)";3122,93;
3203063;"Złocieniec (3)";2648,05;
3204000;"Powiat goleniowski";3066,05;
3204023;"Goleniów (3)";2734,11;
3204033;"Maszewo (3)";3152,98;
3204043;"Nowogard (3)";2433,49;
3204052;"Osina (2)";2717,71;
3204062;"Przybiernów (2)";2757,40;
3204072;"Stepnica (2)";9030,35;
3205000;"Powiat gryficki";3554,90;
3205012;"Brojce (2)";3041,19;
3205023;"Gryfice (3)";2589,18;
3205032;"Karnice (2)";2987,71;
3205043;"Płoty (3)";2758,40;
3205072;"Rewal (2)";13670,73;
3205083;"Trzebiatów (3)";3372,38;
3206000;"Powiat gryfiński";3046,73;
3206012;"Banie (2)";3209,90;
3206023;"Cedynia (3)";3498,45;
3206033;"Chojna (3)";2496,76;
3206043;"Gryfino (3)";3265,90;
3206053;"Mieszkowice (3)";3152,08;
3206063;"Moryń (3)";2535,68;
3206072;"Stare Czarnowo (2)";2939,86;
3206083;"Trzcińsko-Zdrój (3)";3167,23;
3206092;"Widuchowa (2)";2833,70;
3207000;"Powiat kamieński";3685,80;
3207013;"Dziwnów (3)";5631,67;
3207023;"Golczewo (3)";2987,59;
3207033;"Kamień Pomorski (3)";2884,60;
3207043;"Międzyzdroje (3)";6561,18;
3207052;"Świerzno (2)";2968,40;
3207063;"Wolin (3)";3030,07;
3208000;"Powiat kołobrzeski";4091,59;
3208011;"Kołobrzeg (1)";4096,91;
3208022;"Dygowo (2)";3189,39;
3208033;"Gościno (3)";3941,36;
3208042;"Kołobrzeg (2)";3797,56;
3208052;"Rymań (2)";4575,93;
3208062;"Siemyśl (2)";3287,31;
3208072;"Ustronie Morskie (2)";6685,50;
3209000;"Powiat koszaliński";3333,45;
3209012;"Będzino (2)";3160,48;
3209022;"Biesiekierz (2)";3026,92;
3209033;"Bobolice (3)";3237,88;
3209042;"Manowo (2)";2944,76;
3209052;"Mielno (2)";6309,10;
3209063;"Polanów (3)";3442,13;
3209073;"Sianów (3)";2919,83;
3209082;"Świeszyno (2)";2767,78;
3210000;"Powiat myśliborski";2985,40;
3210013;"Barlinek (3)";2562,24;
3210022;"Boleszkowice (2)";2577,98;
3210033;"Dębno (3)";3773,41;
3210043;"Myślibórz (3)";2663,83;
3210052;"Nowogródek Pomorski (2)";2888,01;
3211000;"Powiat policki";3517,06;
3211012;"Dobra (Szczecińska) (2)";2752,76;
3211022;"Kołbaskowo (2)";2912,59;
3211033;"Nowe Warpno (3)";21710,01;
3211043;"Police (3)";3247,28;
3212000;"Powiat pyrzycki";2584,81;
3212012;"Bielice (2)";2664,67;
3212022;"Kozielice (2)";3265,22;
3212033;"Lipiany (3)";2534,12;
3212042;"Przelewice (2)";2974,69;
3212053;"Pyrzyce (3)";2369,34;
3212062;"Warnice (2)";2712,48;
3213000;"Powiat sławieński";3938,34;
3213011;"Darłowo (1)";6432,83;
3213021;"Sławno (1)";2545,09;
3213032;"Darłowo (2)";3909,73;
3213042;"Malechowo (2)";2716,25;
3213052;"Postomino (2)";3928,53;
3213062;"Sławno (2)";2898,15;
3214000;"Powiat stargardzki";2579,76;
3214011;"Stargard (1)";2366,75;
3214023;"Chociwel (3)";2881,83;
3214033;"Dobrzany (3)";2655,36;
3214042;"Dolice (2)";2684,17;
3214053;"Ińsko (3)";2656,66;
3214062;"Kobylanka (2)";4132,05;
3214082;"Marianowo (2)";3176,48;
3214092;"Stara Dąbrowa (2)";3563,64;
3214102;"Stargard (2)";2281,29;
3214113;"Suchań (3)";3182,22;
3215000;"Powiat szczecinecki";2887,62;
3215011;"Szczecinek (1)";2566,74;
3215023;"Barwice (3)";2982,63;
3215033;"Biały Bór (3)";4850,55;
3215043;"Borne Sulinowo (3)";2986,89;
3215052;"Grzmiąca (2)";3143,33;
3215062;"Szczecinek (2)";2818,13;
3216000;"Powiat świdwiński";2957,23;
3216011;"Świdwin (1)";2643,30;
3216022;"Brzeżno (2)";2993,30;
3216033;"Połczyn-Zdrój (3)";3006,04;
3216042;"Rąbino (2)";3120,33;
3216052;"Sławoborze (2)";3821,31;
3216062;"Świdwin (2)";2923,61;
3217000;"Powiat wałecki";2846,86;
3217011;"Wałcz (1)";2596,57;
3217023;"Człopa (3)";3444,00;
3217033;"Mirosławiec (3)";3299,11;
3217043;"Tuczno (3)";2593,03;
3217052;"Wałcz (2)";3027,90;
3218000;"Powiat łobeski";3116,73;
3218013;"Dobra (3)";2974,71;
3218023;"Łobez (3)";2966,01;
3218032;"Radowo Małe (2)";2941,20;
3218043;"Resko (3)";3423,91;
3218053;"Węgorzyno (3)";3242,40;
3261000;"Powiat m.Koszalin";3640,22;
3261011;"Koszalin (1)";3640,22;
3262000;"Powiat m.Szczecin";3374,72;
3262011;"Szczecin (1)";3374,72;
3263000;"Powiat m.Świnoujście";5304,70;
3263011;"Świnoujście (1)";5304,70;
